,Clock,Susceptible,Incubated,Infectious-Asymptomatic,Infectious-MildModerateSymptoms,Infectious-SevereSymptoms,Infectious-CriticalSymptoms,Recovered-TemporaryImmunity,Deceased,HealthCareUnit-OccupiedBeds
0,2000-01-01T00:00,1000,0,0,0,0,0,0,0,0
1,2000-01-01T01:00,990,10,0,0,0,0,0,0,0
2,2000-01-01T02:00,990,10,0,0,0,0,0,0,0
3,2000-01-01T03:00,990,10,0,0,0,0,0,0,0
4,2000-01-01T04:00,990,10,0,0,0,0,0,0,0
5,2000-01-01T05:00,990,10,0,0,0,0,0,0,0
6,2000-01-01T06:00,990,10,0,0,0,0,0,0,0
7,2000-01-01T07:00,990,10,0,0,0,0,0,0,0
8,2000-01-01T08:00,990,10,0,0,0,0,0,0,0
9,2000-01-01T09:00,990,10,0,0,0,0,0,0,0
10,2000-01-01T10:00,990,10,0,0,0,0,0,0,0
11,2000-01-01T11:00,990,10,0,0,0,0,0,0,0
12,2000-01-01T12:00,990,10,0,0,0,0,0,0,0
13,2000-01-01T13:00,990,10,0,0,0,0,0,0,0
14,2000-01-01T14:00,990,10,0,0,0,0,0,0,0
15,2000-01-01T15:00,990,10,0,0,0,0,0,0,0
16,2000-01-01T16:00,990,10,0,0,0,0,0,0,0
17,2000-01-01T17:00,990,10,0,0,0,0,0,0,0
18,2000-01-01T18:00,990,10,0,0,0,0,0,0,0
19,2000-01-01T19:00,990,10,0,0,0,0,0,0,0
20,2000-01-01T20:00,990,10,0,0,0,0,0,0,0
21,2000-01-01T21:00,990,10,0,0,0,0,0,0,0
22,2000-01-01T22:00,990,10,0,0,0,0,0,0,0
23,2000-01-01T23:00,990,10,0,0,0,0,0,0,0
24,2000-01-02T00:00,990,10,0,0,0,0,0,0,0
25,2000-01-02T01:00,990,10,0,0,0,0,0,0,0
26,2000-01-02T02:00,990,10,0,0,0,0,0,0,0
27,2000-01-02T03:00,990,10,0,0,0,0,0,0,0
28,2000-01-02T04:00,990,10,0,0,0,0,0,0,0
29,2000-01-02T05:00,990,10,0,0,0,0,0,0,0
30,2000-01-02T06:00,990,10,0,0,0,0,0,0,0
31,2000-01-02T07:00,990,10,0,0,0,0,0,0,0
32,2000-01-02T08:00,990,10,0,0,0,0,0,0,0
33,2000-01-02T09:00,990,10,0,0,0,0,0,0,0
34,2000-01-02T10:00,990,10,0,0,0,0,0,0,0
35,2000-01-02T11:00,990,10,0,0,0,0,0,0,0
36,2000-01-02T12:00,990,10,0,0,0,0,0,0,0
37,2000-01-02T13:00,990,10,0,0,0,0,0,0,0
38,2000-01-02T14:00,990,10,0,0,0,0,0,0,0
39,2000-01-02T15:00,990,10,0,0,0,0,0,0,0
40,2000-01-02T16:00,990,10,0,0,0,0,0,0,0
41,2000-01-02T17:00,990,10,0,0,0,0,0,0,0
42,2000-01-02T18:00,990,10,0,0,0,0,0,0,0
43,2000-01-02T19:00,990,10,0,0,0,0,0,0,0
44,2000-01-02T20:00,990,10,0,0,0,0,0,0,0
45,2000-01-02T21:00,990,10,0,0,0,0,0,0,0
46,2000-01-02T22:00,990,10,0,0,0,0,0,0,0
47,2000-01-02T23:00,990,10,0,0,0,0,0,0,0
48,2000-01-03T00:00,990,10,0,0,0,0,0,0,0
49,2000-01-03T01:00,990,10,0,0,0,0,0,0,0
50,2000-01-03T02:00,990,10,0,0,0,0,0,0,0
51,2000-01-03T03:00,990,10,0,0,0,0,0,0,0
52,2000-01-03T04:00,990,10,0,0,0,0,0,0,0
53,2000-01-03T05:00,990,10,0,0,0,0,0,0,0
54,2000-01-03T06:00,990,10,0,0,0,0,0,0,0
55,2000-01-03T07:00,990,10,0,0,0,0,0,0,0
56,2000-01-03T08:00,990,10,0,0,0,0,0,0,0
57,2000-01-03T09:00,990,10,0,0,0,0,0,0,0
58,2000-01-03T10:00,990,10,0,0,0,0,0,0,0
59,2000-01-03T11:00,990,10,0,0,0,0,0,0,0
60,2000-01-03T12:00,990,10,0,0,0,0,0,0,0
61,2000-01-03T13:00,990,10,0,0,0,0,0,0,0
62,2000-01-03T14:00,990,10,0,0,0,0,0,0,0
63,2000-01-03T15:00,990,10,0,0,0,0,0,0,0
64,2000-01-03T16:00,990,10,0,0,0,0,0,0,0
65,2000-01-03T17:00,990,10,0,0,0,0,0,0,0
66,2000-01-03T18:00,990,10,0,0,0,0,0,0,0
67,2000-01-03T19:00,990,10,0,0,0,0,0,0,0
68,2000-01-03T20:00,990,10,0,0,0,0,0,0,0
69,2000-01-03T21:00,990,10,0,0,0,0,0,0,0
70,2000-01-03T22:00,990,10,0,0,0,0,0,0,0
71,2000-01-03T23:00,990,10,0,0,0,0,0,0,0
72,2000-01-04T00:00,990,10,0,0,0,0,0,0,0
73,2000-01-04T01:00,990,8,0,2,0,0,0,0,0
74,2000-01-04T02:00,990,8,0,2,0,0,0,0,0
75,2000-01-04T03:00,990,8,0,2,0,0,0,0,0
76,2000-01-04T04:00,990,8,0,2,0,0,0,0,0
77,2000-01-04T05:00,990,8,0,2,0,0,0,0,0
78,2000-01-04T06:00,990,8,0,2,0,0,0,0,0
79,2000-01-04T07:00,990,8,0,2,0,0,0,0,0
80,2000-01-04T08:00,989,9,0,2,0,0,0,0,0
81,2000-01-04T09:00,989,9,0,2,0,0,0,0,0
82,2000-01-04T10:00,989,9,0,2,0,0,0,0,0
83,2000-01-04T11:00,989,9,0,2,0,0,0,0,0
84,2000-01-04T12:00,989,9,0,2,0,0,0,0,0
85,2000-01-04T13:00,989,9,0,2,0,0,0,0,0
86,2000-01-04T14:00,989,9,0,2,0,0,0,0,0
87,2000-01-04T15:00,989,9,0,2,0,0,0,0,0
88,2000-01-04T16:00,989,9,0,2,0,0,0,0,0
89,2000-01-04T17:00,989,9,0,2,0,0,0,0,0
90,2000-01-04T18:00,989,9,0,2,0,0,0,0,0
91,2000-01-04T19:00,989,9,0,2,0,0,0,0,0
92,2000-01-04T20:00,989,9,0,2,0,0,0,0,0
93,2000-01-04T21:00,989,9,0,2,0,0,0,0,0
94,2000-01-04T22:00,989,9,0,2,0,0,0,0,0
95,2000-01-04T23:00,989,9,0,2,0,0,0,0,0
96,2000-01-05T00:00,989,9,0,2,0,0,0,0,0
97,2000-01-05T01:00,989,6,1,4,0,0,0,0,0
98,2000-01-05T02:00,987,8,1,4,0,0,0,0,0
99,2000-01-05T03:00,987,8,1,4,0,0,0,0,0
100,2000-01-05T04:00,987,8,1,4,0,0,0,0,0
101,2000-01-05T05:00,987,8,1,4,0,0,0,0,0
102,2000-01-05T06:00,987,8,1,4,0,0,0,0,0
103,2000-01-05T07:00,987,8,1,4,0,0,0,0,0
104,2000-01-05T08:00,987,8,1,4,0,0,0,0,0
105,2000-01-05T09:00,985,10,1,4,0,0,0,0,0
106,2000-01-05T10:00,985,10,1,4,0,0,0,0,0
107,2000-01-05T11:00,985,10,1,4,0,0,0,0,0
108,2000-01-05T12:00,984,11,1,4,0,0,0,0,0
109,2000-01-05T13:00,983,12,1,4,0,0,0,0,0
110,2000-01-05T14:00,983,12,1,4,0,0,0,0,0
111,2000-01-05T15:00,983,12,1,4,0,0,0,0,0
112,2000-01-05T16:00,983,12,1,4,0,0,0,0,0
113,2000-01-05T17:00,981,14,1,4,0,0,0,0,0
114,2000-01-05T18:00,981,14,1,4,0,0,0,0,0
115,2000-01-05T19:00,981,14,1,4,0,0,0,0,0
116,2000-01-05T20:00,981,14,1,4,0,0,0,0,0
117,2000-01-05T21:00,981,14,1,4,0,0,0,0,0
118,2000-01-05T22:00,981,14,1,4,0,0,0,0,0
119,2000-01-05T23:00,981,14,1,4,0,0,0,0,0
120,2000-01-06T00:00,981,14,1,4,0,0,0,0,0
121,2000-01-06T01:00,981,14,1,4,0,0,0,0,0
122,2000-01-06T02:00,980,15,1,4,0,0,0,0,0
123,2000-01-06T03:00,980,15,1,4,0,0,0,0,0
124,2000-01-06T04:00,980,15,1,4,0,0,0,0,0
125,2000-01-06T05:00,980,15,1,4,0,0,0,0,0
126,2000-01-06T06:00,980,15,1,4,0,0,0,0,0
127,2000-01-06T07:00,980,15,1,4,0,0,0,0,0
128,2000-01-06T08:00,980,15,1,4,0,0,0,0,0
129,2000-01-06T09:00,980,15,1,4,0,0,0,0,0
130,2000-01-06T10:00,980,15,1,4,0,0,0,0,0
131,2000-01-06T11:00,980,15,1,4,0,0,0,0,0
132,2000-01-06T12:00,980,15,1,4,0,0,0,0,0
133,2000-01-06T13:00,980,15,1,4,0,0,0,0,0
134,2000-01-06T14:00,980,15,1,4,0,0,0,0,0
135,2000-01-06T15:00,980,15,1,4,0,0,0,0,0
136,2000-01-06T16:00,980,15,1,4,0,0,0,0,0
137,2000-01-06T17:00,979,16,1,4,0,0,0,0,0
138,2000-01-06T18:00,978,17,1,4,0,0,0,0,0
139,2000-01-06T19:00,978,17,1,4,0,0,0,0,0
140,2000-01-06T20:00,978,17,1,4,0,0,0,0,0
141,2000-01-06T21:00,978,17,1,4,0,0,0,0,0
142,2000-01-06T22:00,978,17,1,4,0,0,0,0,0
143,2000-01-06T23:00,978,17,1,4,0,0,0,0,0
144,2000-01-07T00:00,978,17,1,4,0,0,0,0,0
145,2000-01-07T01:00,978,16,2,2,0,0,0,0,0
146,2000-01-07T02:00,978,16,2,2,0,0,0,0,0
147,2000-01-07T03:00,978,16,2,2,0,0,0,0,0
148,2000-01-07T04:00,978,16,2,2,0,0,0,0,0
149,2000-01-07T05:00,978,16,2,2,0,0,0,0,0
150,2000-01-07T06:00,978,16,2,2,0,0,0,0,0
151,2000-01-07T07:00,978,16,2,2,0,0,0,0,0
152,2000-01-07T08:00,978,16,2,2,0,0,0,0,0
153,2000-01-07T09:00,978,16,2,2,0,0,0,0,0
154,2000-01-07T10:00,978,16,2,2,0,0,0,0,0
155,2000-01-07T11:00,976,18,2,2,0,0,0,0,0
156,2000-01-07T12:00,975,19,2,2,0,0,0,0,0
157,2000-01-07T13:00,974,20,2,2,0,0,0,0,0
158,2000-01-07T14:00,971,23,2,2,0,0,0,0,0
159,2000-01-07T15:00,968,26,2,2,0,0,0,0,0
160,2000-01-07T16:00,966,28,2,2,0,0,0,0,0
161,2000-01-07T17:00,965,29,2,2,0,0,0,0,0
162,2000-01-07T18:00,963,31,2,2,0,0,0,0,0
163,2000-01-07T19:00,961,33,2,2,0,0,0,0,0
164,2000-01-07T20:00,960,34,2,2,0,0,0,0,0
165,2000-01-07T21:00,960,34,2,2,0,0,0,0,0
166,2000-01-07T22:00,960,34,2,2,0,0,0,0,0
167,2000-01-07T23:00,960,34,2,2,0,0,0,0,0
168,2000-01-08T00:00,960,34,2,2,0,0,0,0,0
169,2000-01-08T01:00,960,32,2,4,0,0,2,0,0
170,2000-01-08T02:00,960,32,2,4,0,0,2,0,0
171,2000-01-08T03:00,960,32,2,4,0,0,2,0,0
172,2000-01-08T04:00,960,32,2,4,0,0,2,0,0
173,2000-01-08T05:00,960,32,2,4,0,0,2,0,0
174,2000-01-08T06:00,960,32,2,4,0,0,2,0,0
175,2000-01-08T07:00,960,32,2,4,0,0,2,0,0
176,2000-01-08T08:00,959,33,2,4,0,0,2,0,0
177,2000-01-08T09:00,959,33,2,4,0,0,2,0,0
178,2000-01-08T10:00,958,34,2,4,0,0,2,0,0
179,2000-01-08T11:00,958,34,2,4,0,0,2,0,0
180,2000-01-08T12:00,958,34,2,4,0,0,2,0,0
181,2000-01-08T13:00,958,34,2,4,0,0,2,0,0
182,2000-01-08T14:00,958,34,2,4,0,0,2,0,0
183,2000-01-08T15:00,958,34,2,4,0,0,2,0,0
184,2000-01-08T16:00,958,34,2,4,0,0,2,0,0
185,2000-01-08T17:00,958,34,2,4,0,0,2,0,0
186,2000-01-08T18:00,957,35,2,4,0,0,2,0,0
187,2000-01-08T19:00,957,35,2,4,0,0,2,0,0
188,2000-01-08T20:00,957,35,2,4,0,0,2,0,0
189,2000-01-08T21:00,957,35,2,4,0,0,2,0,0
190,2000-01-08T22:00,957,35,2,4,0,0,2,0,0
191,2000-01-08T23:00,956,36,2,4,0,0,2,0,0
192,2000-01-09T00:00,956,36,2,4,0,0,2,0,0
193,2000-01-09T01:00,956,35,2,3,1,0,2,0,0
194,2000-01-09T02:00,955,36,2,3,1,0,2,0,0
195,2000-01-09T03:00,955,36,2,3,1,0,2,0,0
196,2000-01-09T04:00,955,36,2,3,1,0,2,0,0
197,2000-01-09T05:00,955,36,2,3,1,0,2,0,0
198,2000-01-09T06:00,955,36,2,3,1,0,2,0,0
199,2000-01-09T07:00,955,36,2,3,1,0,2,0,0
200,2000-01-09T08:00,955,36,2,3,1,0,2,0,0
201,2000-01-09T09:00,955,36,2,3,1,0,2,0,0
202,2000-01-09T10:00,955,36,2,3,1,0,2,0,0
203,2000-01-09T11:00,955,36,2,3,1,0,2,0,0
204,2000-01-09T12:00,955,34,3,4,1,0,2,0,0
205,2000-01-09T13:00,955,34,3,4,1,0,2,0,0
206,2000-01-09T14:00,954,35,3,4,1,0,2,0,0
207,2000-01-09T15:00,953,36,3,4,1,0,2,0,0
208,2000-01-09T16:00,953,36,3,4,1,0,2,0,0
209,2000-01-09T17:00,953,36,3,4,1,0,2,0,0
210,2000-01-09T18:00,953,36,3,4,1,0,2,0,0
211,2000-01-09T19:00,953,36,3,4,1,0,2,0,0
212,2000-01-09T20:00,953,36,3,4,1,0,2,0,0
213,2000-01-09T21:00,953,36,3,4,1,0,2,0,0
214,2000-01-09T22:00,953,36,3,4,1,0,2,0,0
215,2000-01-09T23:00,953,36,3,4,1,0,2,0,0
216,2000-01-10T00:00,953,36,3,4,1,0,2,0,0
217,2000-01-10T01:00,953,35,3,5,1,0,3,0,0
218,2000-01-10T02:00,953,35,3,5,1,0,3,0,0
219,2000-01-10T03:00,952,36,3,5,1,0,3,0,0
220,2000-01-10T04:00,952,36,3,5,1,0,3,0,0
221,2000-01-10T05:00,950,38,3,5,1,0,3,0,0
222,2000-01-10T06:00,950,38,3,5,1,0,3,0,0
223,2000-01-10T07:00,949,39,3,5,1,0,3,0,0
224,2000-01-10T08:00,949,39,3,5,1,0,3,0,0
225,2000-01-10T09:00,949,38,4,5,1,0,3,0,0
226,2000-01-10T10:00,948,39,4,5,1,0,3,0,0
227,2000-01-10T11:00,948,39,4,5,1,0,3,0,0
228,2000-01-10T12:00,948,39,4,5,1,0,3,0,0
229,2000-01-10T13:00,948,39,4,5,1,0,3,0,0
230,2000-01-10T14:00,945,42,4,5,1,0,3,0,0
231,2000-01-10T15:00,945,42,4,5,1,0,3,0,0
232,2000-01-10T16:00,944,43,4,5,1,0,3,0,0
233,2000-01-10T17:00,943,43,4,6,1,0,3,0,0
234,2000-01-10T18:00,942,43,4,7,1,0,3,0,0
235,2000-01-10T19:00,941,44,4,7,1,0,3,0,0
236,2000-01-10T20:00,941,44,4,7,1,0,3,0,0
237,2000-01-10T21:00,940,45,4,7,1,0,3,0,0
238,2000-01-10T22:00,940,45,4,7,1,0,3,0,0
239,2000-01-10T23:00,939,46,4,7,1,0,3,0,0
240,2000-01-11T00:00,938,47,4,7,1,0,3,0,0
241,2000-01-11T01:00,938,47,4,7,1,0,3,0,0
242,2000-01-11T02:00,938,47,4,7,1,0,3,0,0
243,2000-01-11T03:00,938,47,4,7,1,0,3,0,0
244,2000-01-11T04:00,938,47,4,7,1,0,3,0,0
245,2000-01-11T05:00,938,47,4,7,1,0,3,0,0
246,2000-01-11T06:00,938,47,4,7,1,0,3,0,0
247,2000-01-11T07:00,938,47,4,7,1,0,3,0,0
248,2000-01-11T08:00,938,47,4,7,1,0,3,0,0
249,2000-01-11T09:00,938,47,4,7,1,0,3,0,0
250,2000-01-11T10:00,938,47,4,7,1,0,3,0,0
251,2000-01-11T11:00,938,46,4,8,1,0,3,0,0
252,2000-01-11T12:00,938,46,4,8,1,0,3,0,0
253,2000-01-11T13:00,938,45,5,8,1,0,3,0,0
254,2000-01-11T14:00,937,45,5,9,1,0,3,0,0
255,2000-01-11T15:00,937,44,6,9,1,0,3,0,0
256,2000-01-11T16:00,937,43,7,9,1,0,3,0,0
257,2000-01-11T17:00,936,41,8,10,1,0,3,0,0
258,2000-01-11T18:00,935,41,8,11,1,0,3,0,0
259,2000-01-11T19:00,935,41,8,11,1,0,3,0,0
260,2000-01-11T20:00,934,42,8,11,1,0,3,0,0
261,2000-01-11T21:00,933,43,8,11,1,0,3,0,0
262,2000-01-11T22:00,933,43,8,11,1,0,3,0,0
263,2000-01-11T23:00,933,43,8,11,1,0,3,0,0
264,2000-01-12T00:00,929,47,8,11,1,0,3,0,0
265,2000-01-12T01:00,928,48,8,11,1,0,3,0,0
266,2000-01-12T02:00,927,47,8,13,1,0,3,0,0
267,2000-01-12T03:00,926,48,8,13,1,0,3,0,0
268,2000-01-12T04:00,925,49,8,13,1,0,3,0,0
269,2000-01-12T05:00,924,50,8,13,1,0,3,0,0
270,2000-01-12T06:00,924,50,8,13,1,0,3,0,0
271,2000-01-12T07:00,922,52,8,13,1,0,3,0,0
272,2000-01-12T08:00,922,51,9,13,1,0,3,0,0
273,2000-01-12T09:00,922,50,10,13,1,0,3,0,0
274,2000-01-12T10:00,922,50,10,13,1,0,3,0,0
275,2000-01-12T11:00,921,51,10,13,1,0,3,0,0
276,2000-01-12T12:00,921,51,10,13,1,0,3,0,0
277,2000-01-12T13:00,921,51,10,13,1,0,3,0,0
278,2000-01-12T14:00,920,52,10,13,1,0,3,0,0
279,2000-01-12T15:00,920,52,10,13,1,0,3,0,0
280,2000-01-12T16:00,919,52,10,14,1,0,3,0,0
281,2000-01-12T17:00,919,52,10,14,1,0,4,0,0
282,2000-01-12T18:00,919,52,10,14,1,0,4,0,0
283,2000-01-12T19:00,919,51,10,15,1,0,4,0,0
284,2000-01-12T20:00,918,51,10,16,1,0,4,0,0
285,2000-01-12T21:00,918,51,10,16,1,0,4,0,0
286,2000-01-12T22:00,918,51,10,16,1,0,4,0,0
287,2000-01-12T23:00,917,52,10,16,1,0,4,0,0
288,2000-01-13T00:00,917,52,10,16,1,0,4,0,0
289,2000-01-13T01:00,917,52,9,14,1,0,4,0,0
290,2000-01-13T02:00,916,53,9,14,1,0,4,0,0
291,2000-01-13T03:00,916,53,9,14,1,0,4,0,0
292,2000-01-13T04:00,913,56,9,14,1,0,4,0,0
293,2000-01-13T05:00,913,55,9,15,1,0,4,0,0
294,2000-01-13T06:00,912,56,9,15,1,0,4,0,0
295,2000-01-13T07:00,912,56,9,15,1,0,4,0,0
296,2000-01-13T08:00,912,56,9,15,1,0,4,0,0
297,2000-01-13T09:00,911,57,8,15,1,0,4,0,0
298,2000-01-13T10:00,911,57,8,15,1,0,4,0,0
299,2000-01-13T11:00,911,56,9,15,1,0,4,0,0
300,2000-01-13T12:00,911,56,9,15,1,0,4,0,0
301,2000-01-13T13:00,911,56,9,15,1,0,4,0,0
302,2000-01-13T14:00,909,55,10,17,1,0,4,0,0
303,2000-01-13T15:00,909,54,10,18,1,0,4,0,0
304,2000-01-13T16:00,909,54,10,18,1,0,4,0,0
305,2000-01-13T17:00,908,55,10,18,1,0,4,0,0
306,2000-01-13T18:00,907,56,10,18,1,0,4,0,0
307,2000-01-13T19:00,906,57,10,18,1,0,4,0,0
308,2000-01-13T20:00,905,58,10,18,1,0,4,0,0
309,2000-01-13T21:00,903,60,10,18,1,0,4,0,0
310,2000-01-13T22:00,900,63,10,18,1,0,4,0,0
311,2000-01-13T23:00,900,63,10,18,1,0,4,0,0
312,2000-01-14T00:00,900,62,10,19,1,0,4,0,0
313,2000-01-14T01:00,898,64,9,18,1,0,7,0,0
314,2000-01-14T02:00,898,63,10,17,1,0,7,0,0
315,2000-01-14T03:00,897,64,10,17,1,0,7,0,0
316,2000-01-14T04:00,897,64,10,17,1,0,7,0,0
317,2000-01-14T05:00,895,65,10,18,1,0,7,0,0
318,2000-01-14T06:00,894,66,10,18,1,0,7,0,0
319,2000-01-14T07:00,894,66,10,18,1,0,7,0,0
320,2000-01-14T08:00,893,67,9,18,1,0,7,0,0
321,2000-01-14T09:00,892,68,9,18,1,0,8,0,0
322,2000-01-14T10:00,890,69,9,19,1,0,8,0,0
323,2000-01-14T11:00,889,70,9,19,1,0,8,0,0
324,2000-01-14T12:00,888,71,9,19,1,0,8,0,0
325,2000-01-14T13:00,887,71,9,20,1,0,8,0,0
326,2000-01-14T14:00,887,71,9,20,1,0,8,0,0
327,2000-01-14T15:00,886,70,9,21,1,0,8,0,0
328,2000-01-14T16:00,886,70,9,21,1,0,8,0,0
329,2000-01-14T17:00,885,71,9,21,1,0,8,0,0
330,2000-01-14T18:00,884,70,9,23,1,0,8,0,0
331,2000-01-14T19:00,884,69,9,24,1,0,8,0,0
332,2000-01-14T20:00,882,71,9,24,1,0,8,0,0
333,2000-01-14T21:00,881,72,9,24,1,0,8,0,0
334,2000-01-14T22:00,881,72,9,24,1,0,8,0,0
335,2000-01-14T23:00,880,72,9,25,1,0,8,0,0
336,2000-01-15T00:00,878,73,9,26,1,0,8,0,0
337,2000-01-15T01:00,877,74,9,26,1,0,10,0,0
338,2000-01-15T02:00,877,73,9,27,1,0,11,0,0
339,2000-01-15T03:00,877,73,9,27,1,0,11,0,0
340,2000-01-15T04:00,877,73,9,27,1,0,11,0,0
341,2000-01-15T05:00,875,75,9,27,1,0,11,0,0
342,2000-01-15T06:00,875,75,9,27,1,0,11,0,0
343,2000-01-15T07:00,875,75,9,27,1,0,11,0,0
344,2000-01-15T08:00,875,75,9,27,1,0,12,0,0
345,2000-01-15T09:00,874,76,9,27,1,0,12,0,0
346,2000-01-15T10:00,874,76,9,27,1,0,12,0,0
347,2000-01-15T11:00,874,75,10,27,1,0,12,0,0
348,2000-01-15T12:00,874,75,10,27,1,0,12,0,0
349,2000-01-15T13:00,874,75,10,27,1,0,12,0,0
350,2000-01-15T14:00,873,74,11,28,1,0,12,0,0
351,2000-01-15T15:00,872,75,11,27,1,0,13,0,0
352,2000-01-15T16:00,872,75,11,27,1,0,13,0,0
353,2000-01-15T17:00,872,75,10,26,2,0,13,0,0
354,2000-01-15T18:00,870,76,10,26,2,0,13,0,0
355,2000-01-15T19:00,869,76,11,25,3,0,13,0,0
356,2000-01-15T20:00,869,76,11,25,3,0,13,0,0
357,2000-01-15T21:00,869,75,12,25,3,0,13,0,0
358,2000-01-15T22:00,869,75,12,25,3,0,13,0,0
359,2000-01-15T23:00,869,74,12,25,3,0,13,0,0
360,2000-01-16T00:00,868,75,12,25,3,0,13,0,0
361,2000-01-16T01:00,868,75,12,25,3,0,13,0,0
362,2000-01-16T02:00,868,75,11,24,3,0,13,0,0
363,2000-01-16T03:00,867,76,11,24,3,0,13,0,0
364,2000-01-16T04:00,867,76,11,24,3,0,13,0,0
365,2000-01-16T05:00,866,77,11,24,3,0,13,0,0
366,2000-01-16T06:00,866,76,11,25,3,0,13,0,0
367,2000-01-16T07:00,866,75,11,26,3,0,13,0,0
368,2000-01-16T08:00,866,74,11,27,3,0,13,0,0
369,2000-01-16T09:00,866,74,10,27,3,0,13,0,0
370,2000-01-16T10:00,865,75,10,27,3,0,13,0,0
371,2000-01-16T11:00,864,76,10,26,3,0,13,0,0
372,2000-01-16T12:00,863,77,10,25,3,0,13,0,0
373,2000-01-16T13:00,861,79,9,25,3,0,13,0,0
374,2000-01-16T14:00,860,78,9,26,3,0,13,0,0
375,2000-01-16T15:00,860,78,9,26,3,0,14,0,0
376,2000-01-16T16:00,860,76,11,26,3,0,14,0,0
377,2000-01-16T17:00,859,77,11,25,3,0,15,0,0
378,2000-01-16T18:00,858,76,11,26,3,0,16,0,0
379,2000-01-16T19:00,858,76,11,26,3,0,16,0,0
380,2000-01-16T20:00,858,75,11,27,3,0,16,0,0
381,2000-01-16T21:00,858,74,12,27,3,0,16,0,0
382,2000-01-16T22:00,856,75,12,28,3,0,16,0,0
383,2000-01-16T23:00,856,75,12,28,3,0,17,0,0
384,2000-01-17T00:00,852,79,12,28,3,0,17,0,0
385,2000-01-17T01:00,851,79,12,29,3,0,17,0,0
386,2000-01-17T02:00,851,78,12,30,3,0,19,0,0
387,2000-01-17T03:00,851,78,12,30,3,0,19,0,0
388,2000-01-17T04:00,851,76,12,32,3,0,19,0,0
389,2000-01-17T05:00,851,76,12,32,3,0,19,0,0
390,2000-01-17T06:00,850,77,12,32,3,0,19,0,0
391,2000-01-17T07:00,850,77,12,32,3,0,19,0,0
392,2000-01-17T08:00,849,78,12,31,3,0,19,0,0
393,2000-01-17T09:00,848,79,12,31,3,0,20,0,0
394,2000-01-17T10:00,848,78,13,30,3,0,20,0,0
395,2000-01-17T11:00,848,78,13,30,3,0,21,0,0
396,2000-01-17T12:00,847,79,12,30,3,0,22,0,0
397,2000-01-17T13:00,847,79,12,30,3,0,23,0,0
398,2000-01-17T14:00,844,80,12,30,5,0,24,0,0
399,2000-01-17T15:00,840,84,12,30,5,0,24,0,0
400,2000-01-17T16:00,840,84,12,29,6,0,24,0,0
401,2000-01-17T17:00,840,82,13,30,6,0,25,0,0
402,2000-01-17T18:00,840,82,13,29,7,0,26,0,0
403,2000-01-17T19:00,840,81,14,29,7,0,26,0,0
404,2000-01-17T20:00,840,80,14,29,7,0,26,0,0
405,2000-01-17T21:00,840,80,14,29,7,0,26,0,0
406,2000-01-17T22:00,840,80,14,29,7,0,26,0,0
407,2000-01-17T23:00,840,80,14,28,7,0,26,0,0
408,2000-01-18T00:00,838,80,14,30,7,0,26,0,0
409,2000-01-18T01:00,838,80,14,29,7,0,26,0,0
410,2000-01-18T02:00,837,80,14,30,7,0,26,0,0
411,2000-01-18T03:00,836,80,15,30,7,0,26,0,0
412,2000-01-18T04:00,835,80,16,30,7,0,26,0,0
413,2000-01-18T05:00,835,77,18,31,7,0,26,0,0
414,2000-01-18T06:00,834,78,18,31,7,0,26,0,0
415,2000-01-18T07:00,834,76,19,32,7,0,26,0,0
416,2000-01-18T08:00,831,79,19,32,7,0,27,0,0
417,2000-01-18T09:00,826,83,19,33,7,0,27,0,0
418,2000-01-18T10:00,817,91,20,33,7,0,28,0,0
419,2000-01-18T11:00,814,94,19,33,7,0,28,0,0
420,2000-01-18T12:00,811,97,19,33,7,0,29,0,0
421,2000-01-18T13:00,806,102,19,33,7,0,29,0,0
422,2000-01-18T14:00,804,103,20,32,7,0,29,0,0
423,2000-01-18T15:00,801,106,20,31,8,0,29,0,0
424,2000-01-18T16:00,800,107,20,31,8,0,29,0,0
425,2000-01-18T17:00,799,108,20,31,8,0,29,0,0
426,2000-01-18T18:00,799,107,20,31,8,0,29,0,0
427,2000-01-18T19:00,796,110,19,31,8,0,29,0,0
428,2000-01-18T20:00,796,109,19,31,8,0,30,0,0
429,2000-01-18T21:00,795,107,20,32,8,0,30,0,0
430,2000-01-18T22:00,795,106,21,31,8,0,30,0,0
431,2000-01-18T23:00,795,106,21,31,8,0,31,0,0
432,2000-01-19T00:00,794,106,22,30,8,0,31,0,0
433,2000-01-19T01:00,794,105,22,31,8,0,32,0,0
434,2000-01-19T02:00,793,106,22,31,8,0,32,0,0
435,2000-01-19T03:00,792,107,21,31,8,0,32,0,0
436,2000-01-19T04:00,791,108,21,30,8,0,32,0,0
437,2000-01-19T05:00,790,108,21,30,8,0,32,0,0
438,2000-01-19T06:00,790,107,21,31,8,0,32,0,0
439,2000-01-19T07:00,790,107,21,29,9,0,32,0,0
440,2000-01-19T08:00,788,109,21,29,9,0,32,0,0
441,2000-01-19T09:00,786,111,21,29,9,0,32,0,0
442,2000-01-19T10:00,781,116,21,29,9,0,32,0,0
443,2000-01-19T11:00,776,121,21,29,9,0,33,0,0
444,2000-01-19T12:00,772,125,21,29,9,0,33,0,0
445,2000-01-19T13:00,764,132,21,30,9,0,33,0,0
446,2000-01-19T14:00,761,134,21,29,9,0,34,0,0
447,2000-01-19T15:00,757,138,20,29,9,0,34,0,0
448,2000-01-19T16:00,755,140,20,29,9,0,34,0,0
449,2000-01-19T17:00,755,138,19,31,9,0,34,0,0
450,2000-01-19T18:00,751,140,19,33,9,0,35,0,0
451,2000-01-19T19:00,748,143,19,33,9,0,36,0,0
452,2000-01-19T20:00,748,143,19,33,9,0,37,0,0
453,2000-01-19T21:00,746,145,19,33,9,0,38,0,0
454,2000-01-19T22:00,744,145,20,34,9,0,39,0,0
455,2000-01-19T23:00,743,145,20,35,9,0,39,0,0
456,2000-01-20T00:00,739,149,20,35,9,0,40,0,0
457,2000-01-20T01:00,739,148,20,36,9,0,40,0,0
458,2000-01-20T02:00,739,148,20,35,9,0,40,0,0
459,2000-01-20T03:00,739,146,20,37,9,0,41,0,0
460,2000-01-20T04:00,739,146,20,36,9,0,42,0,0
461,2000-01-20T05:00,739,145,21,35,9,0,43,0,0
462,2000-01-20T06:00,739,145,21,35,9,0,43,0,0
463,2000-01-20T07:00,738,146,21,35,9,0,44,0,0
464,2000-01-20T08:00,738,145,21,36,9,0,44,0,0
465,2000-01-20T09:00,737,144,22,37,9,0,44,0,0
466,2000-01-20T10:00,735,146,22,37,9,0,44,0,0
467,2000-01-20T11:00,732,148,22,38,9,0,44,0,0
468,2000-01-20T12:00,729,151,22,38,9,0,44,0,0
469,2000-01-20T13:00,729,149,24,38,9,0,44,0,0
470,2000-01-20T14:00,726,151,24,37,9,0,46,0,0
471,2000-01-20T15:00,726,151,24,37,9,0,47,0,0
472,2000-01-20T16:00,726,151,22,37,9,0,47,0,0
473,2000-01-20T17:00,724,153,22,36,10,0,48,0,0
474,2000-01-20T18:00,724,153,22,36,10,0,48,0,0
475,2000-01-20T19:00,724,152,22,36,10,0,48,0,0
476,2000-01-20T20:00,724,152,22,36,10,0,48,0,0
477,2000-01-20T21:00,724,152,22,36,10,0,48,0,0
478,2000-01-20T22:00,723,153,22,36,10,0,48,0,0
479,2000-01-20T23:00,722,154,22,36,10,0,48,0,0
480,2000-01-21T00:00,720,155,22,37,10,0,48,0,0
481,2000-01-21T01:00,720,155,22,37,10,0,48,0,0
482,2000-01-21T02:00,720,155,22,35,10,0,49,0,0
483,2000-01-21T03:00,719,155,23,35,10,0,49,0,0
484,2000-01-21T04:00,719,154,23,36,10,0,50,0,0
485,2000-01-21T05:00,719,154,23,36,10,0,51,0,0
486,2000-01-21T06:00,718,155,23,36,10,0,51,0,0
487,2000-01-21T07:00,717,156,23,36,10,0,51,0,0
488,2000-01-21T08:00,714,158,23,37,10,0,51,0,0
489,2000-01-21T09:00,712,160,23,36,10,0,51,0,0
490,2000-01-21T10:00,712,159,23,37,10,0,51,0,0
491,2000-01-21T11:00,712,159,23,37,10,0,51,0,0
492,2000-01-21T12:00,711,160,23,37,10,0,51,0,0
493,2000-01-21T13:00,710,160,23,38,10,0,51,0,0
494,2000-01-21T14:00,710,159,23,38,10,0,53,0,0
495,2000-01-21T15:00,710,155,25,40,10,0,53,0,0
496,2000-01-21T16:00,709,155,26,40,10,0,55,0,0
497,2000-01-21T17:00,707,156,26,41,10,0,55,0,0
498,2000-01-21T18:00,705,157,27,38,11,0,55,0,0
499,2000-01-21T19:00,703,159,27,38,11,0,56,0,0
500,2000-01-21T20:00,701,161,27,37,12,0,56,0,0
501,2000-01-21T21:00,701,161,27,37,12,0,56,0,0
502,2000-01-21T22:00,699,162,27,38,12,0,56,0,0
503,2000-01-21T23:00,699,161,27,39,12,0,56,0,0
504,2000-01-22T00:00,697,156,29,43,12,0,56,0,0
505,2000-01-22T01:00,696,157,29,43,12,0,56,0,0
506,2000-01-22T02:00,694,159,29,43,12,0,58,0,0
507,2000-01-22T03:00,694,159,29,43,12,0,58,0,0
508,2000-01-22T04:00,692,160,29,44,12,0,58,0,0
509,2000-01-22T05:00,691,160,30,42,12,0,58,0,0
510,2000-01-22T06:00,691,159,31,42,12,0,58,0,0
511,2000-01-22T07:00,691,159,30,42,12,0,58,0,0
512,2000-01-22T08:00,690,160,30,41,12,0,58,0,0
513,2000-01-22T09:00,685,162,31,43,12,0,59,0,0
514,2000-01-22T10:00,679,163,31,47,12,0,59,0,0
515,2000-01-22T11:00,676,164,30,49,12,0,59,0,0
516,2000-01-22T12:00,671,169,30,49,12,0,59,0,0
517,2000-01-22T13:00,664,175,30,49,12,0,59,0,0
518,2000-01-22T14:00,660,177,29,50,12,0,60,0,0
519,2000-01-22T15:00,655,181,29,51,12,0,60,0,0
520,2000-01-22T16:00,654,181,29,52,12,0,60,0,0
521,2000-01-22T17:00,652,183,29,52,12,0,60,0,0
522,2000-01-22T18:00,649,185,30,51,13,0,62,0,0
523,2000-01-22T19:00,649,184,31,51,13,0,62,0,0
524,2000-01-22T20:00,648,184,31,52,13,0,62,0,0
525,2000-01-22T21:00,648,184,30,51,13,0,62,0,0
526,2000-01-22T22:00,645,187,29,50,13,0,62,0,0
527,2000-01-22T23:00,645,187,29,50,13,0,62,0,0
528,2000-01-23T00:00,643,189,29,47,13,0,63,0,0
529,2000-01-23T01:00,641,191,29,46,12,0,63,0,0
530,2000-01-23T02:00,639,192,29,47,12,0,63,0,0
531,2000-01-23T03:00,636,195,29,47,12,0,63,0,0
532,2000-01-23T04:00,632,199,29,46,12,0,63,0,0
533,2000-01-23T05:00,632,199,28,46,12,0,65,0,0
534,2000-01-23T06:00,631,199,27,46,12,0,65,0,0
535,2000-01-23T07:00,631,199,27,46,12,0,66,0,0
536,2000-01-23T08:00,628,202,27,46,12,0,67,0,0
537,2000-01-23T09:00,625,199,28,51,12,0,67,0,0
538,2000-01-23T10:00,621,201,28,52,12,0,68,0,0
539,2000-01-23T11:00,615,206,29,51,12,0,69,0,0
540,2000-01-23T12:00,612,204,29,56,12,0,69,0,0
541,2000-01-23T13:00,610,203,30,58,12,0,70,0,0
542,2000-01-23T14:00,608,202,30,61,12,0,72,0,0
543,2000-01-23T15:00,605,203,30,63,12,0,72,0,0
544,2000-01-23T16:00,604,204,29,63,12,0,72,0,0
545,2000-01-23T17:00,601,206,29,63,12,0,72,0,0
546,2000-01-23T18:00,601,205,29,64,12,0,72,0,0
547,2000-01-23T19:00,600,204,30,64,12,0,72,0,0
548,2000-01-23T20:00,597,207,30,62,12,0,72,0,0
549,2000-01-23T21:00,595,208,28,63,12,0,74,0,0
550,2000-01-23T22:00,590,211,28,65,12,0,76,0,0
551,2000-01-23T23:00,590,211,28,65,12,0,76,0,0
552,2000-01-24T00:00,590,210,28,66,12,0,79,0,0
553,2000-01-24T01:00,587,212,28,65,12,0,81,0,0
554,2000-01-24T02:00,586,213,28,65,12,0,81,0,0
555,2000-01-24T03:00,584,214,29,64,12,0,81,0,0
556,2000-01-24T04:00,581,215,29,65,12,0,82,0,0
557,2000-01-24T05:00,579,217,28,65,12,0,83,0,0
558,2000-01-24T06:00,575,220,28,66,12,0,85,0,0
559,2000-01-24T07:00,570,224,28,67,12,0,85,0,0
560,2000-01-24T08:00,566,224,29,69,12,0,85,0,0
561,2000-01-24T09:00,558,232,29,68,12,0,85,0,0
562,2000-01-24T10:00,553,234,30,68,12,0,86,0,0
563,2000-01-24T11:00,548,235,30,72,12,0,87,0,0
564,2000-01-24T12:00,544,235,30,76,12,0,87,0,0
565,2000-01-24T13:00,538,237,32,78,12,0,87,0,0
566,2000-01-24T14:00,528,246,31,78,12,0,87,0,0
567,2000-01-24T15:00,522,247,35,79,12,0,87,0,0
568,2000-01-24T16:00,518,250,36,79,12,0,88,0,0
569,2000-01-24T17:00,516,252,36,77,12,0,89,0,0
570,2000-01-24T18:00,514,253,37,77,12,0,89,0,0
571,2000-01-24T19:00,511,256,37,77,12,0,90,0,0
572,2000-01-24T20:00,508,259,37,77,12,0,92,0,0
573,2000-01-24T21:00,503,263,37,78,12,0,94,0,0
574,2000-01-24T22:00,501,265,37,78,12,0,94,0,0
575,2000-01-24T23:00,500,265,38,78,12,0,94,0,0
576,2000-01-25T00:00,500,262,37,80,12,0,94,0,0
577,2000-01-25T01:00,498,263,37,80,12,0,96,0,0
578,2000-01-25T02:00,497,263,37,81,12,0,96,0,0
579,2000-01-25T03:00,495,265,37,81,12,0,97,0,0
580,2000-01-25T04:00,493,267,37,81,12,0,98,0,0
581,2000-01-25T05:00,492,267,35,82,12,0,99,0,0
582,2000-01-25T06:00,491,268,35,82,12,0,99,0,0
583,2000-01-25T07:00,489,270,35,82,12,0,99,0,0
584,2000-01-25T08:00,488,268,35,84,12,0,100,0,0
585,2000-01-25T09:00,487,268,35,84,12,0,101,0,0
586,2000-01-25T10:00,486,265,36,86,12,0,103,0,0
587,2000-01-25T11:00,486,261,36,90,12,0,103,0,0
588,2000-01-25T12:00,483,262,37,89,12,0,103,0,0
589,2000-01-25T13:00,480,261,36,90,14,0,103,0,0
590,2000-01-25T14:00,477,262,37,89,14,0,105,0,0
591,2000-01-25T15:00,476,260,38,88,14,0,105,0,0
592,2000-01-25T16:00,476,260,38,88,14,0,105,0,0
593,2000-01-25T17:00,475,259,38,90,14,0,107,0,0
594,2000-01-25T18:00,475,257,38,92,14,0,107,0,0
595,2000-01-25T19:00,473,257,39,92,15,0,107,0,0
596,2000-01-25T20:00,471,258,39,93,15,0,107,0,0
597,2000-01-25T21:00,468,260,39,94,15,0,107,0,0
598,2000-01-25T22:00,465,262,40,94,15,0,107,0,0
599,2000-01-25T23:00,461,266,40,92,16,0,107,0,0
600,2000-01-26T00:00,459,264,41,94,16,0,109,0,0
601,2000-01-26T01:00,458,265,41,93,16,0,110,0,0
602,2000-01-26T02:00,458,265,41,93,16,0,110,0,0
603,2000-01-26T03:00,457,264,43,93,16,0,110,0,0
604,2000-01-26T04:00,453,267,44,93,16,0,110,0,0
605,2000-01-26T05:00,451,269,44,93,16,0,112,0,0
606,2000-01-26T06:00,450,269,44,93,16,0,112,0,0
607,2000-01-26T07:00,448,270,44,94,16,0,112,0,0
608,2000-01-26T08:00,448,269,44,94,16,0,113,0,0
609,2000-01-26T09:00,445,270,45,94,16,0,114,0,0
610,2000-01-26T10:00,444,265,47,97,16,0,115,0,0
611,2000-01-26T11:00,439,266,48,98,16,0,115,0,0
612,2000-01-26T12:00,438,262,50,101,16,0,117,0,0
613,2000-01-26T13:00,437,261,49,102,16,0,119,0,0
614,2000-01-26T14:00,434,262,49,104,16,0,121,0,0
615,2000-01-26T15:00,432,262,49,105,16,0,124,0,0
616,2000-01-26T16:00,431,263,48,105,16,0,124,0,0
617,2000-01-26T17:00,428,266,48,105,15,1,124,0,0
618,2000-01-26T18:00,427,265,48,107,15,1,124,0,0
619,2000-01-26T19:00,426,264,50,106,15,1,124,0,0
620,2000-01-26T20:00,422,267,50,106,16,1,124,0,0
621,2000-01-26T21:00,418,271,50,106,16,1,124,0,0
622,2000-01-26T22:00,413,272,49,108,17,1,124,0,0
623,2000-01-26T23:00,412,272,49,109,17,1,125,0,0
624,2000-01-27T00:00,409,275,49,108,17,1,126,0,0
625,2000-01-27T01:00,405,277,49,110,17,1,127,0,0
626,2000-01-27T02:00,402,278,50,111,17,1,127,0,0
627,2000-01-27T03:00,401,277,51,111,17,1,127,0,0
628,2000-01-27T04:00,400,277,52,111,17,1,127,0,0
629,2000-01-27T05:00,399,277,52,112,17,1,127,0,0
630,2000-01-27T06:00,399,274,54,113,17,1,128,0,0
631,2000-01-27T07:00,399,274,54,112,17,1,128,0,0
632,2000-01-27T08:00,399,270,54,114,17,1,129,0,0
633,2000-01-27T09:00,399,266,54,117,17,1,130,0,0
634,2000-01-27T10:00,398,263,54,119,17,1,131,0,0
635,2000-01-27T11:00,395,264,55,119,17,1,133,0,0
636,2000-01-27T12:00,395,261,57,117,17,1,133,0,0
637,2000-01-27T13:00,392,261,56,118,17,1,135,0,0
638,2000-01-27T14:00,392,256,58,119,17,1,135,0,0
639,2000-01-27T15:00,391,256,57,119,17,1,136,0,0
640,2000-01-27T16:00,387,260,56,118,18,1,137,0,0
641,2000-01-27T17:00,387,256,57,121,18,1,137,0,0
642,2000-01-27T18:00,385,256,56,120,18,1,137,0,0
643,2000-01-27T19:00,382,258,56,121,18,1,138,0,0
644,2000-01-27T20:00,378,260,56,123,18,1,138,0,0
645,2000-01-27T21:00,376,261,57,122,19,1,138,0,0
646,2000-01-27T22:00,371,265,57,123,19,1,140,0,0
647,2000-01-27T23:00,369,267,56,122,19,1,140,0,0
648,2000-01-28T00:00,369,265,56,119,19,1,141,0,0
649,2000-01-28T01:00,368,264,56,121,19,1,141,0,0
650,2000-01-28T02:00,366,264,57,120,19,1,141,0,0
651,2000-01-28T03:00,364,266,53,120,19,1,142,0,0
652,2000-01-28T04:00,363,263,54,122,19,1,142,0,0
653,2000-01-28T05:00,360,266,54,122,19,1,142,0,0
654,2000-01-28T06:00,359,266,54,122,19,1,142,0,0
655,2000-01-28T07:00,359,266,54,122,19,1,143,0,0
656,2000-01-28T08:00,359,265,54,123,19,1,145,0,0
657,2000-01-28T09:00,356,265,55,125,19,1,146,0,0
658,2000-01-28T10:00,353,266,53,123,19,1,148,0,0
659,2000-01-28T11:00,351,265,53,124,19,1,149,0,0
660,2000-01-28T12:00,349,265,53,125,19,1,152,0,0
661,2000-01-28T13:00,348,262,54,124,19,1,155,0,0
662,2000-01-28T14:00,347,260,54,125,19,1,157,0,0
663,2000-01-28T15:00,347,256,55,127,19,1,159,0,0
664,2000-01-28T16:00,345,257,55,128,19,1,160,0,0
665,2000-01-28T17:00,345,255,55,130,19,1,160,0,0
666,2000-01-28T18:00,344,255,56,129,19,1,164,0,0
667,2000-01-28T19:00,343,255,55,129,19,1,164,0,0
668,2000-01-28T20:00,341,253,56,132,19,1,164,0,0
669,2000-01-28T21:00,339,253,57,132,19,1,164,0,0
670,2000-01-28T22:00,339,249,57,133,19,1,164,0,0
671,2000-01-28T23:00,338,249,58,133,19,1,166,0,0
672,2000-01-29T00:00,335,251,58,130,20,1,171,0,0
673,2000-01-29T01:00,333,251,59,131,20,1,171,0,0
674,2000-01-29T02:00,333,251,59,131,20,1,173,0,0
675,2000-01-29T03:00,331,251,60,132,20,1,177,0,0
676,2000-01-29T04:00,329,253,58,132,20,1,178,0,0
677,2000-01-29T05:00,326,253,59,133,20,1,178,0,0
678,2000-01-29T06:00,325,253,60,133,20,1,179,0,0
679,2000-01-29T07:00,324,253,60,134,20,1,179,0,0
680,2000-01-29T08:00,324,253,59,133,20,1,179,0,0
681,2000-01-29T09:00,321,251,60,134,21,1,179,0,0
682,2000-01-29T10:00,319,250,59,131,21,1,185,0,0
683,2000-01-29T11:00,316,250,60,131,21,1,187,0,0
684,2000-01-29T12:00,311,250,61,130,21,1,188,0,0
685,2000-01-29T13:00,309,250,60,130,21,1,192,0,0
686,2000-01-29T14:00,307,248,60,132,21,1,194,0,0
687,2000-01-29T15:00,304,249,59,132,21,1,195,0,0
688,2000-01-29T16:00,302,248,59,135,21,1,195,0,0
689,2000-01-29T17:00,297,250,61,135,22,1,195,0,0
690,2000-01-29T18:00,289,258,61,135,22,1,196,0,0
691,2000-01-29T19:00,289,256,58,137,22,1,198,0,0
692,2000-01-29T20:00,289,253,59,139,22,1,198,0,0
693,2000-01-29T21:00,287,252,60,141,22,1,199,0,0
694,2000-01-29T22:00,286,250,61,141,22,1,202,0,0
695,2000-01-29T23:00,285,250,61,142,22,1,202,0,0
696,2000-01-30T00:00,284,251,61,142,22,1,205,0,0
697,2000-01-30T01:00,283,252,61,141,22,1,205,0,0
698,2000-01-30T02:00,279,254,61,143,22,1,205,0,0
699,2000-01-30T03:00,278,252,62,145,22,1,205,0,0
700,2000-01-30T04:00,277,252,62,145,22,1,207,0,0
701,2000-01-30T05:00,275,252,63,145,23,1,208,0,0
702,2000-01-30T06:00,275,252,63,145,23,1,208,0,0
703,2000-01-30T07:00,271,254,63,147,23,1,208,0,0
704,2000-01-30T08:00,270,253,64,147,23,1,210,0,0
705,2000-01-30T09:00,270,251,64,144,23,1,212,0,0
706,2000-01-30T10:00,267,252,63,143,23,1,219,0,0
707,2000-01-30T11:00,264,251,64,144,24,1,221,0,0
708,2000-01-30T12:00,262,251,63,145,24,1,226,0,0
709,2000-01-30T13:00,260,249,64,145,24,1,229,0,0
710,2000-01-30T14:00,257,250,64,144,23,1,231,0,0
711,2000-01-30T15:00,256,250,62,143,24,1,234,0,0
712,2000-01-30T16:00,253,252,62,144,23,2,234,0,0
713,2000-01-30T17:00,251,253,62,143,23,1,234,1,0
714,2000-01-30T18:00,249,254,62,141,23,1,234,1,0
715,2000-01-30T19:00,247,255,62,141,22,1,237,1,0
716,2000-01-30T20:00,245,256,62,142,22,1,237,1,0
717,2000-01-30T21:00,245,252,65,142,22,1,237,1,0
718,2000-01-30T22:00,244,250,67,141,22,1,239,1,0
719,2000-01-30T23:00,243,248,68,143,22,1,239,1,0
720,2000-01-31T00:00,242,246,66,144,22,1,239,1,0
721,2000-01-31T01:00,241,245,66,144,22,1,240,1,0
722,2000-01-31T02:00,240,245,66,145,22,1,240,1,0
723,2000-01-31T03:00,239,244,65,147,22,1,240,1,0
724,2000-01-31T04:00,239,239,66,151,22,1,241,1,0
725,2000-01-31T05:00,238,238,67,151,22,1,241,1,0
726,2000-01-31T06:00,237,239,66,151,22,1,241,1,0
727,2000-01-31T07:00,236,238,66,153,22,1,241,1,0
728,2000-01-31T08:00,234,239,66,150,23,1,242,1,0
729,2000-01-31T09:00,233,236,66,154,23,1,247,1,0
730,2000-01-31T10:00,232,236,65,154,24,1,251,1,0
731,2000-01-31T11:00,232,232,67,154,24,1,252,1,0
732,2000-01-31T12:00,228,235,66,154,24,1,254,1,0
733,2000-01-31T13:00,224,235,68,154,24,1,257,1,0
734,2000-01-31T14:00,222,232,70,154,24,1,261,1,0
735,2000-01-31T15:00,221,229,69,157,24,1,264,1,0
736,2000-01-31T16:00,219,228,69,159,24,1,264,1,0
737,2000-01-31T17:00,218,226,69,159,25,1,266,1,0
738,2000-01-31T18:00,217,226,68,160,25,1,269,1,0
739,2000-01-31T19:00,216,225,68,160,25,1,271,1,0
740,2000-01-31T20:00,213,227,68,158,26,1,271,1,0
741,2000-01-31T21:00,211,226,68,161,26,1,272,1,0
742,2000-01-31T22:00,209,226,68,161,26,1,274,1,0
743,2000-01-31T23:00,208,227,68,161,26,1,274,1,0
744,2000-02-01T00:00,207,228,68,161,26,1,278,1,0
745,2000-02-01T01:00,206,228,68,161,26,1,280,1,0
746,2000-02-01T02:00,206,226,68,163,26,1,280,1,0
747,2000-02-01T03:00,204,228,68,163,26,1,281,1,0
748,2000-02-01T04:00,203,226,68,166,26,1,281,1,0
749,2000-02-01T05:00,202,223,68,170,26,1,282,1,0
750,2000-02-01T06:00,201,224,67,169,27,1,283,1,0
751,2000-02-01T07:00,201,221,67,171,27,1,283,1,0
752,2000-02-01T08:00,201,221,67,170,27,1,286,1,0
753,2000-02-01T09:00,201,220,65,167,27,1,286,1,0
754,2000-02-01T10:00,200,219,65,167,27,1,287,1,0
755,2000-02-01T11:00,198,216,66,166,27,1,289,1,0
756,2000-02-01T12:00,197,214,66,166,28,1,291,1,0
757,2000-02-01T13:00,197,212,65,166,28,1,293,1,0
758,2000-02-01T14:00,194,212,66,163,30,1,296,1,0
759,2000-02-01T15:00,194,211,66,161,30,1,298,1,0
760,2000-02-01T16:00,194,206,67,162,30,0,299,1,0
761,2000-02-01T17:00,190,208,66,162,30,0,301,1,0
762,2000-02-01T18:00,188,206,65,164,30,0,302,1,0
763,2000-02-01T19:00,188,205,64,164,30,0,304,1,0
764,2000-02-01T20:00,188,201,64,168,30,0,306,1,0
765,2000-02-01T21:00,188,201,64,167,30,0,306,1,0
766,2000-02-01T22:00,186,198,64,171,30,0,308,1,0
767,2000-02-01T23:00,185,196,65,173,30,0,308,1,0
768,2000-02-02T00:00,183,195,66,174,30,0,308,1,0
769,2000-02-02T01:00,183,189,65,179,31,0,309,1,0
770,2000-02-02T02:00,183,187,65,177,31,0,309,1,0
771,2000-02-02T03:00,183,184,67,176,31,0,309,1,0
772,2000-02-02T04:00,183,182,68,171,32,0,309,1,0
773,2000-02-02T05:00,181,183,68,170,32,0,309,1,0
774,2000-02-02T06:00,180,183,67,170,33,0,310,1,0
775,2000-02-02T07:00,179,184,67,168,33,0,311,1,0
776,2000-02-02T08:00,179,183,67,167,35,0,312,1,0
777,2000-02-02T09:00,178,181,68,168,35,0,318,1,0
778,2000-02-02T10:00,175,182,69,168,35,0,320,1,0
779,2000-02-02T11:00,174,182,69,165,35,0,325,1,0
780,2000-02-02T12:00,173,182,67,162,36,0,327,1,0
781,2000-02-02T13:00,173,180,66,160,37,0,330,1,0
782,2000-02-02T14:00,173,177,66,162,36,0,333,1,0
783,2000-02-02T15:00,172,176,64,160,36,0,336,1,0
784,2000-02-02T16:00,171,176,63,161,36,0,340,1,0
785,2000-02-02T17:00,171,176,63,161,36,0,343,1,0
786,2000-02-02T18:00,170,176,63,161,36,0,346,1,0
787,2000-02-02T19:00,170,173,64,163,36,0,348,1,0
788,2000-02-02T20:00,169,173,64,162,36,0,348,1,0
789,2000-02-02T21:00,169,172,63,161,37,0,349,1,0
790,2000-02-02T22:00,169,170,64,160,37,0,350,1,0
791,2000-02-02T23:00,168,171,64,160,37,0,350,1,0
792,2000-02-03T00:00,168,171,64,160,37,0,351,1,0
793,2000-02-03T01:00,168,171,64,159,37,0,352,1,0
794,2000-02-03T02:00,168,170,65,159,37,0,356,1,0
795,2000-02-03T03:00,168,170,65,157,37,0,358,1,0
796,2000-02-03T04:00,167,171,63,157,37,0,363,1,0
797,2000-02-03T05:00,167,171,63,156,37,0,365,1,0
798,2000-02-03T06:00,167,170,63,157,37,0,366,1,0
799,2000-02-03T07:00,167,170,63,155,37,0,368,1,0
800,2000-02-03T08:00,167,170,63,154,38,0,368,1,0
801,2000-02-03T09:00,167,169,63,151,39,0,369,1,0
802,2000-02-03T10:00,167,166,63,152,39,0,370,1,0
803,2000-02-03T11:00,166,164,64,149,39,0,374,1,0
804,2000-02-03T12:00,165,164,63,148,40,0,379,1,0
805,2000-02-03T13:00,165,159,63,150,40,0,383,1,0
806,2000-02-03T14:00,165,156,61,150,40,0,385,1,0
807,2000-02-03T15:00,165,155,60,150,40,0,391,1,0
808,2000-02-03T16:00,165,154,60,148,40,0,392,1,0
809,2000-02-03T17:00,164,153,60,150,39,0,392,1,0
810,2000-02-03T18:00,163,151,61,152,39,0,393,1,0
811,2000-02-03T19:00,163,150,61,153,39,0,393,1,0
812,2000-02-03T20:00,161,148,62,152,40,0,395,1,0
813,2000-02-03T21:00,160,142,65,151,40,0,397,1,0
814,2000-02-03T22:00,159,142,65,148,40,0,399,1,0
815,2000-02-03T23:00,158,141,66,148,40,0,399,1,0
816,2000-02-04T00:00,156,141,67,146,40,0,399,1,0
817,2000-02-04T01:00,155,141,67,145,40,0,400,1,0
818,2000-02-04T02:00,154,141,67,142,41,0,400,1,0
819,2000-02-04T03:00,154,140,66,142,41,0,402,1,0
820,2000-02-04T04:00,152,141,66,141,41,0,404,1,0
821,2000-02-04T05:00,152,140,66,140,42,0,405,1,0
822,2000-02-04T06:00,150,140,66,142,42,0,405,1,0
823,2000-02-04T07:00,150,139,66,142,41,0,407,1,0
824,2000-02-04T08:00,150,137,66,144,41,0,407,1,0
825,2000-02-04T09:00,150,137,64,141,41,0,410,1,0
826,2000-02-04T10:00,145,141,64,139,41,0,412,1,0
827,2000-02-04T11:00,145,141,61,138,41,0,417,1,0
828,2000-02-04T12:00,143,140,62,138,42,0,419,1,0
829,2000-02-04T13:00,141,141,62,136,42,0,422,1,0
830,2000-02-04T14:00,141,140,62,135,43,0,427,1,0
831,2000-02-04T15:00,141,138,62,134,43,0,429,1,0
832,2000-02-04T16:00,141,135,63,134,43,0,432,1,0
833,2000-02-04T17:00,140,133,64,135,43,0,433,1,0
834,2000-02-04T18:00,139,129,65,137,42,0,433,1,0
835,2000-02-04T19:00,139,126,66,138,42,0,433,1,0
836,2000-02-04T20:00,139,125,66,136,41,0,436,1,0
837,2000-02-04T21:00,139,125,63,135,42,0,441,1,0
838,2000-02-04T22:00,138,124,62,135,42,0,445,1,0
839,2000-02-04T23:00,137,122,62,136,42,0,446,1,0
840,2000-02-05T00:00,136,120,63,137,42,0,449,1,0
841,2000-02-05T01:00,135,121,63,135,42,0,451,1,0
842,2000-02-05T02:00,135,120,64,134,42,0,454,1,0
843,2000-02-05T03:00,133,121,64,133,42,0,456,1,0
844,2000-02-05T04:00,130,124,64,131,43,0,458,1,0
845,2000-02-05T05:00,130,124,63,130,43,0,459,1,0
846,2000-02-05T06:00,129,123,64,130,43,0,459,1,0
847,2000-02-05T07:00,128,123,65,128,43,0,461,1,0
848,2000-02-05T08:00,128,122,64,128,43,0,461,1,0
849,2000-02-05T09:00,126,122,63,126,45,0,466,1,0
850,2000-02-05T10:00,124,120,65,126,45,0,469,1,0
851,2000-02-05T11:00,124,118,63,127,45,0,473,1,0
852,2000-02-05T12:00,123,117,63,128,45,0,474,1,0
853,2000-02-05T13:00,121,118,64,126,46,0,477,1,0
854,2000-02-05T14:00,118,121,62,124,46,0,478,1,0
855,2000-02-05T15:00,117,122,62,124,46,0,481,1,0
856,2000-02-05T16:00,117,120,63,123,46,0,483,1,0
857,2000-02-05T17:00,116,121,62,121,46,0,484,1,0
858,2000-02-05T18:00,116,118,63,122,46,0,487,1,0
859,2000-02-05T19:00,114,120,63,121,46,0,488,1,0
860,2000-02-05T20:00,113,120,62,122,46,0,492,1,0
861,2000-02-05T21:00,113,119,60,122,46,0,495,1,0
862,2000-02-05T22:00,111,120,59,121,46,0,498,1,0
863,2000-02-05T23:00,111,120,59,117,46,0,500,1,0
864,2000-02-06T00:00,110,121,57,117,46,0,501,1,0
865,2000-02-06T01:00,109,122,57,116,46,0,503,1,0
866,2000-02-06T02:00,109,121,57,116,46,0,504,1,0
867,2000-02-06T03:00,109,119,55,118,46,0,506,1,0
868,2000-02-06T04:00,107,120,55,119,46,0,507,1,0
869,2000-02-06T05:00,106,119,55,120,47,0,509,1,0
870,2000-02-06T06:00,106,118,55,119,47,0,510,1,0
871,2000-02-06T07:00,104,118,56,119,47,0,512,1,0
872,2000-02-06T08:00,104,118,56,118,47,0,514,1,0
873,2000-02-06T09:00,103,119,56,117,47,0,517,1,0
874,2000-02-06T10:00,102,118,54,118,48,0,519,1,0
875,2000-02-06T11:00,102,118,51,117,48,0,522,1,0
876,2000-02-06T12:00,102,115,52,117,48,0,523,1,0
877,2000-02-06T13:00,101,114,52,116,49,0,524,1,0
878,2000-02-06T14:00,100,115,51,113,49,0,528,1,0
879,2000-02-06T15:00,99,116,51,112,49,0,528,1,0
880,2000-02-06T16:00,99,115,51,111,49,0,530,1,0
881,2000-02-06T17:00,99,113,52,109,49,0,533,1,0
882,2000-02-06T18:00,98,114,52,108,50,0,534,1,0
883,2000-02-06T19:00,97,115,51,105,50,0,535,1,0
884,2000-02-06T20:00,96,113,49,106,50,0,536,1,0
885,2000-02-06T21:00,96,113,49,104,52,0,539,1,0
886,2000-02-06T22:00,96,111,50,102,52,0,542,1,0
887,2000-02-06T23:00,95,112,49,101,52,0,546,1,0
888,2000-02-07T00:00,94,113,49,100,51,0,548,1,0
889,2000-02-07T01:00,93,111,49,102,51,0,549,1,0
890,2000-02-07T02:00,93,110,50,102,51,0,550,1,0
891,2000-02-07T03:00,93,110,50,100,51,0,552,1,0
892,2000-02-07T04:00,93,109,49,100,51,0,552,1,0
893,2000-02-07T05:00,93,109,49,99,52,0,552,1,0
894,2000-02-07T06:00,93,109,49,98,52,0,554,1,0
895,2000-02-07T07:00,93,107,49,99,53,0,555,1,0
896,2000-02-07T08:00,93,107,49,99,53,0,556,1,0
897,2000-02-07T09:00,93,105,48,99,53,0,557,1,0
898,2000-02-07T10:00,93,104,48,97,55,0,559,1,0
899,2000-02-07T11:00,93,102,47,97,56,0,563,1,0
900,2000-02-07T12:00,93,99,48,96,57,0,565,1,0
901,2000-02-07T13:00,93,98,47,97,56,0,567,1,0
902,2000-02-07T14:00,93,96,47,97,57,0,571,1,0
903,2000-02-07T15:00,92,96,47,97,58,0,572,1,0
904,2000-02-07T16:00,92,95,47,97,58,0,574,1,0
905,2000-02-07T17:00,91,93,47,94,60,0,577,1,0
906,2000-02-07T18:00,90,93,48,93,60,0,577,2,0
907,2000-02-07T19:00,89,94,47,92,60,0,581,2,0
908,2000-02-07T20:00,89,93,47,91,61,0,585,2,0
909,2000-02-07T21:00,89,93,47,91,61,0,585,2,0
910,2000-02-07T22:00,89,93,46,89,61,0,588,2,0
911,2000-02-07T23:00,88,93,44,90,61,0,590,2,0
912,2000-02-08T00:00,87,91,42,93,61,0,592,2,0
913,2000-02-08T01:00,87,91,42,91,61,0,593,2,0
914,2000-02-08T02:00,86,92,40,91,61,0,593,2,0
915,2000-02-08T03:00,86,91,39,91,61,0,595,2,0
916,2000-02-08T04:00,86,90,39,92,61,0,597,2,0
917,2000-02-08T05:00,86,89,38,93,60,0,597,2,0
918,2000-02-08T06:00,86,89,38,93,60,0,598,2,0
919,2000-02-08T07:00,86,88,38,94,60,0,598,2,0
920,2000-02-08T08:00,86,88,38,94,60,0,598,2,0
921,2000-02-08T09:00,85,89,38,93,60,0,601,2,0
922,2000-02-08T10:00,82,89,38,96,60,0,602,2,0
923,2000-02-08T11:00,82,89,38,96,59,0,604,2,0
924,2000-02-08T12:00,81,89,36,97,59,0,606,2,0
925,2000-02-08T13:00,81,89,35,96,59,0,608,2,0
926,2000-02-08T14:00,81,87,36,96,59,0,609,2,0
927,2000-02-08T15:00,80,87,36,96,59,0,609,2,0
928,2000-02-08T16:00,78,89,35,96,59,0,610,2,0
929,2000-02-08T17:00,78,87,34,98,59,0,614,2,0
930,2000-02-08T18:00,78,87,32,97,59,0,614,2,0
931,2000-02-08T19:00,78,87,32,97,59,0,616,2,0
932,2000-02-08T20:00,76,88,32,96,59,0,617,2,0
933,2000-02-08T21:00,75,89,30,96,59,0,617,2,0
934,2000-02-08T22:00,74,88,30,97,59,0,620,2,0
935,2000-02-08T23:00,74,88,30,96,58,0,622,3,0
936,2000-02-09T00:00,74,86,30,95,59,0,624,3,0
937,2000-02-09T01:00,74,86,30,95,59,0,626,3,0
938,2000-02-09T02:00,74,86,29,95,59,0,628,3,0
939,2000-02-09T03:00,74,86,29,95,59,0,630,3,0
940,2000-02-09T04:00,74,84,29,95,59,0,630,3,0
941,2000-02-09T05:00,74,81,30,95,60,0,632,3,0
942,2000-02-09T06:00,74,81,30,94,60,0,632,3,0
943,2000-02-09T07:00,73,81,30,94,60,0,632,3,0
944,2000-02-09T08:00,73,81,30,93,59,0,632,3,0
945,2000-02-09T09:00,73,81,30,93,59,0,633,3,0
946,2000-02-09T10:00,73,79,30,95,59,0,633,3,0
947,2000-02-09T11:00,73,78,30,94,59,0,634,3,0
948,2000-02-09T12:00,73,76,30,94,59,0,636,3,0
949,2000-02-09T13:00,73,75,31,94,58,0,638,4,0
950,2000-02-09T14:00,71,77,31,94,58,0,639,4,0
951,2000-02-09T15:00,70,78,31,94,58,0,640,4,0
952,2000-02-09T16:00,70,78,31,91,58,0,641,4,0
953,2000-02-09T17:00,70,78,31,91,58,0,642,4,0
954,2000-02-09T18:00,70,78,31,88,58,0,645,4,0
955,2000-02-09T19:00,70,78,31,88,58,0,645,4,0
956,2000-02-09T20:00,69,78,31,85,59,0,647,4,0
957,2000-02-09T21:00,67,80,31,84,59,0,649,4,0
958,2000-02-09T22:00,67,80,30,84,59,0,650,4,0
959,2000-02-09T23:00,67,80,29,84,59,0,651,4,0
960,2000-02-10T00:00,67,80,29,83,59,0,653,4,0
961,2000-02-10T01:00,67,79,29,82,60,0,653,4,0
962,2000-02-10T02:00,66,79,29,82,60,0,654,4,0
963,2000-02-10T03:00,66,78,29,83,60,0,654,4,0
964,2000-02-10T04:00,66,77,28,84,60,0,656,4,0
965,2000-02-10T05:00,66,77,27,84,60,0,657,4,0
966,2000-02-10T06:00,66,77,27,83,60,0,658,4,0
967,2000-02-10T07:00,66,76,25,83,60,0,659,4,0
968,2000-02-10T08:00,65,77,25,83,60,0,661,4,0
969,2000-02-10T09:00,65,75,24,84,59,0,661,4,0
970,2000-02-10T10:00,65,74,23,82,60,0,661,4,0
971,2000-02-10T11:00,65,73,23,82,60,0,663,4,0
972,2000-02-10T12:00,65,73,23,80,60,0,665,4,0
973,2000-02-10T13:00,65,72,24,78,60,0,665,4,0
974,2000-02-10T14:00,65,72,23,78,60,0,665,4,0
975,2000-02-10T15:00,65,70,25,78,60,0,665,4,0
976,2000-02-10T16:00,65,70,25,78,60,0,668,4,0
977,2000-02-10T17:00,65,69,24,76,61,0,668,4,0
978,2000-02-10T18:00,65,69,23,74,62,0,671,4,0
979,2000-02-10T19:00,65,67,24,74,62,0,671,4,0
980,2000-02-10T20:00,65,67,24,73,62,0,674,4,0
981,2000-02-10T21:00,65,66,24,73,62,0,675,4,0
982,2000-02-10T22:00,65,65,23,72,62,0,676,4,0
983,2000-02-10T23:00,64,64,25,71,63,0,677,4,0
984,2000-02-11T00:00,64,63,25,72,63,0,678,4,0
985,2000-02-11T01:00,64,61,26,72,63,0,679,4,0
986,2000-02-11T02:00,64,60,26,72,63,0,680,4,0
987,2000-02-11T03:00,64,59,26,73,63,0,680,4,0
988,2000-02-11T04:00,64,58,26,72,63,0,681,4,0
989,2000-02-11T05:00,63,59,26,71,63,0,682,4,0
990,2000-02-11T06:00,63,58,27,70,63,0,683,4,0
991,2000-02-11T07:00,62,59,27,69,63,0,686,4,0
992,2000-02-11T08:00,62,59,27,68,63,0,686,4,0
993,2000-02-11T09:00,62,59,27,67,63,0,689,4,0
994,2000-02-11T10:00,62,57,29,65,63,0,692,4,0
995,2000-02-11T11:00,62,57,29,64,63,0,693,4,0
996,2000-02-11T12:00,62,56,28,64,63,0,695,4,0
997,2000-02-11T13:00,62,55,25,64,63,0,697,4,0
998,2000-02-11T14:00,62,54,24,62,64,0,698,4,0
999,2000-02-11T15:00,62,54,23,60,64,0,698,4,0
1000,2000-02-11T16:00,62,54,22,60,64,0,698,4,0
1001,2000-02-11T17:00,62,54,21,60,64,0,701,4,0
1002,2000-02-11T18:00,62,53,20,61,63,0,703,4,0
1003,2000-02-11T19:00,62,52,19,61,63,0,704,4,0
1004,2000-02-11T20:00,61,53,19,61,63,0,705,4,0
1005,2000-02-11T21:00,61,52,20,61,62,0,706,5,0
1006,2000-02-11T22:00,61,51,19,62,62,0,709,5,0
1007,2000-02-11T23:00,60,51,19,63,62,0,709,5,0
1008,2000-02-12T00:00,60,49,19,65,62,0,709,5,0
1009,2000-02-12T01:00,60,48,19,66,62,0,710,5,0
1010,2000-02-12T02:00,60,48,17,66,62,0,711,5,0
1011,2000-02-12T03:00,59,49,17,65,63,0,711,5,0
1012,2000-02-12T04:00,59,48,17,66,63,0,713,5,0
1013,2000-02-12T05:00,59,48,17,65,63,0,714,5,0
1014,2000-02-12T06:00,59,48,16,64,62,0,715,5,0
1015,2000-02-12T07:00,59,47,16,63,63,0,716,5,0
1016,2000-02-12T08:00,59,47,16,63,63,0,717,5,0
1017,2000-02-12T09:00,59,46,16,64,63,0,718,5,0
1018,2000-02-12T10:00,59,45,17,62,63,0,720,5,0
1019,2000-02-12T11:00,59,45,17,62,63,0,721,5,0
1020,2000-02-12T12:00,58,46,17,60,63,0,723,5,0
1021,2000-02-12T13:00,58,45,17,61,63,0,727,5,0
1022,2000-02-12T14:00,58,43,19,61,63,0,730,5,0
1023,2000-02-12T15:00,58,42,19,61,63,0,733,5,0
1024,2000-02-12T16:00,58,41,20,60,63,0,734,5,0
1025,2000-02-12T17:00,58,40,20,60,62,0,735,5,0
1026,2000-02-12T18:00,58,37,19,61,62,0,737,5,0
1027,2000-02-12T19:00,58,37,19,61,62,0,739,5,0
1028,2000-02-12T20:00,58,36,20,60,62,0,739,5,0
1029,2000-02-12T21:00,57,37,20,60,61,0,739,5,0
1030,2000-02-12T22:00,57,36,20,61,60,0,740,5,0
1031,2000-02-12T23:00,56,36,21,61,60,0,740,5,0
1032,2000-02-13T00:00,56,36,21,61,60,0,740,5,0
1033,2000-02-13T01:00,55,37,21,60,61,0,740,5,0
1034,2000-02-13T02:00,55,37,21,60,61,0,742,5,0
1035,2000-02-13T03:00,55,37,21,59,61,0,742,5,0
1036,2000-02-13T04:00,55,37,21,57,61,0,742,5,0
1037,2000-02-13T05:00,55,37,21,55,62,0,743,5,0
1038,2000-02-13T06:00,55,36,20,56,62,0,746,5,0
1039,2000-02-13T07:00,55,35,20,56,62,0,747,5,0
1040,2000-02-13T08:00,55,35,20,56,62,0,747,5,0
1041,2000-02-13T09:00,55,34,20,55,63,0,747,5,0
1042,2000-02-13T10:00,55,33,19,55,63,0,749,5,0
1043,2000-02-13T11:00,55,33,19,54,63,0,749,5,0
1044,2000-02-13T12:00,55,33,18,54,62,0,751,5,0
1045,2000-02-13T13:00,55,33,18,53,61,0,751,5,0
1046,2000-02-13T14:00,55,32,17,54,61,0,751,5,0
1047,2000-02-13T15:00,55,31,17,55,61,0,752,5,0
1048,2000-02-13T16:00,55,31,17,55,61,0,753,5,0
1049,2000-02-13T17:00,55,31,17,53,62,0,755,5,0
1050,2000-02-13T18:00,55,31,17,52,63,0,758,5,0
1051,2000-02-13T19:00,55,30,16,52,63,0,758,5,0
1052,2000-02-13T20:00,55,28,16,54,63,0,759,5,0
1053,2000-02-13T21:00,55,28,16,54,63,0,760,5,0
1054,2000-02-13T22:00,55,28,16,54,63,0,761,5,0
1055,2000-02-13T23:00,55,28,14,54,63,0,761,5,0
1056,2000-02-14T00:00,55,27,14,52,64,0,761,5,0
1057,2000-02-14T01:00,55,27,14,52,64,0,761,5,0
1058,2000-02-14T02:00,55,27,14,52,64,0,761,5,0
1059,2000-02-14T03:00,55,27,14,52,64,0,762,5,0
1060,2000-02-14T04:00,55,26,14,53,64,0,764,5,0
1061,2000-02-14T05:00,55,26,14,53,64,0,765,5,0
1062,2000-02-14T06:00,54,27,14,52,64,0,766,5,0
1063,2000-02-14T07:00,54,26,14,52,64,0,767,5,0
1064,2000-02-14T08:00,54,26,14,52,62,0,767,6,0
1065,2000-02-14T09:00,54,26,14,52,62,0,768,6,0
1066,2000-02-14T10:00,54,25,14,51,62,0,770,6,0
1067,2000-02-14T11:00,54,25,14,50,62,0,771,6,0
1068,2000-02-14T12:00,54,25,14,48,62,0,773,6,0
1069,2000-02-14T13:00,54,25,14,47,62,0,775,6,0
1070,2000-02-14T14:00,54,25,14,47,61,0,776,6,0
1071,2000-02-14T15:00,54,25,14,46,60,0,776,6,0
1072,2000-02-14T16:00,54,24,14,46,60,0,776,6,0
1073,2000-02-14T17:00,54,24,14,46,60,0,777,6,0
1074,2000-02-14T18:00,54,24,14,44,62,0,777,6,0
1075,2000-02-14T19:00,54,24,14,44,62,0,779,6,0
1076,2000-02-14T20:00,54,22,14,43,61,0,779,6,0
1077,2000-02-14T21:00,54,22,14,43,61,0,779,6,0
1078,2000-02-14T22:00,54,21,15,41,61,0,779,6,0
1079,2000-02-14T23:00,54,20,14,42,61,0,781,6,0
1080,2000-02-15T00:00,53,21,14,41,62,0,783,6,0
1081,2000-02-15T01:00,52,22,13,39,63,0,783,6,0
1082,2000-02-15T02:00,52,22,13,38,62,0,783,7,0
1083,2000-02-15T03:00,52,22,13,37,62,0,783,7,0
1084,2000-02-15T04:00,52,22,13,36,62,0,783,7,0
1085,2000-02-15T05:00,52,22,13,36,62,0,783,7,0
1086,2000-02-15T06:00,52,22,13,36,61,0,784,8,0
1087,2000-02-15T07:00,52,21,14,35,62,0,785,8,0
1088,2000-02-15T08:00,52,21,14,35,62,0,786,8,0
1089,2000-02-15T09:00,52,21,14,35,62,0,786,8,0
1090,2000-02-15T10:00,52,20,15,34,62,0,788,8,0
1091,2000-02-15T11:00,52,20,15,34,62,0,789,8,0
1092,2000-02-15T12:00,52,18,15,35,62,0,791,8,0
1093,2000-02-15T13:00,52,18,14,35,62,0,792,8,0
1094,2000-02-15T14:00,52,17,15,35,62,0,793,8,0
1095,2000-02-15T15:00,52,17,15,34,62,0,795,8,0
1096,2000-02-15T16:00,52,17,15,34,62,0,796,8,0
1097,2000-02-15T17:00,52,17,15,34,61,0,796,9,0
1098,2000-02-15T18:00,52,17,15,34,61,0,796,9,0
1099,2000-02-15T19:00,52,17,15,34,61,0,796,9,0
1100,2000-02-15T20:00,52,17,15,34,61,0,800,9,0
1101,2000-02-15T21:00,52,16,14,35,61,0,800,9,0
1102,2000-02-15T22:00,52,16,14,35,61,0,802,9,0
1103,2000-02-15T23:00,52,16,14,34,61,0,803,9,0
1104,2000-02-16T00:00,52,16,14,32,61,0,803,9,0
1105,2000-02-16T01:00,52,16,14,32,61,0,805,9,0
1106,2000-02-16T02:00,52,16,14,32,61,0,806,9,0
1107,2000-02-16T03:00,52,16,14,32,61,0,807,9,0
1108,2000-02-16T04:00,52,15,14,29,61,0,808,9,0
1109,2000-02-16T05:00,52,15,14,29,61,0,808,9,0
1110,2000-02-16T06:00,52,15,14,29,61,0,808,9,0
1111,2000-02-16T07:00,52,15,14,29,60,0,808,9,0
1112,2000-02-16T08:00,52,14,14,30,60,0,808,9,0
1113,2000-02-16T09:00,52,14,14,29,61,0,808,9,0
1114,2000-02-16T10:00,52,14,13,28,61,0,809,9,0
1115,2000-02-16T11:00,52,14,13,27,61,0,809,9,0
1116,2000-02-16T12:00,52,14,13,27,61,0,810,9,0
1117,2000-02-16T13:00,52,14,13,27,60,0,811,10,0
1118,2000-02-16T14:00,52,14,12,26,58,0,811,10,0
1119,2000-02-16T15:00,52,14,11,25,57,0,812,11,0
1120,2000-02-16T16:00,52,14,11,25,57,0,812,11,0
1121,2000-02-16T17:00,52,14,11,25,57,0,812,11,0
1122,2000-02-16T18:00,52,14,11,24,58,0,812,11,0
1123,2000-02-16T19:00,52,14,11,24,58,0,812,11,0
1124,2000-02-16T20:00,52,14,11,23,57,0,812,11,0
1125,2000-02-16T21:00,52,13,11,24,57,0,813,11,0
1126,2000-02-16T22:00,52,13,11,24,57,0,813,11,0
1127,2000-02-16T23:00,52,12,11,25,57,0,814,11,0
1128,2000-02-17T00:00,52,12,11,25,56,0,816,11,0
1129,2000-02-17T01:00,52,12,11,25,56,0,816,11,0
1130,2000-02-17T02:00,52,12,11,25,56,0,816,11,0
1131,2000-02-17T03:00,52,12,11,24,56,0,816,11,0
1132,2000-02-17T04:00,52,12,11,24,55,0,820,11,0
1133,2000-02-17T05:00,52,11,10,25,55,0,820,11,0
1134,2000-02-17T06:00,52,11,10,25,55,0,820,11,0
1135,2000-02-17T07:00,52,11,10,25,55,0,821,11,0
1136,2000-02-17T08:00,52,11,10,24,54,0,821,11,0
1137,2000-02-17T09:00,52,11,10,23,52,0,821,11,0
1138,2000-02-17T10:00,52,11,9,23,51,0,823,12,0
1139,2000-02-17T11:00,52,11,9,23,51,0,824,12,0
1140,2000-02-17T12:00,52,11,9,23,49,0,824,12,0
1141,2000-02-17T13:00,52,11,9,23,49,0,824,12,0
1142,2000-02-17T14:00,52,11,9,23,49,0,828,12,0
1143,2000-02-17T15:00,52,10,10,23,49,0,830,12,0
1144,2000-02-17T16:00,52,10,9,22,49,0,830,12,0
1145,2000-02-17T17:00,52,10,9,21,49,0,830,12,0
1146,2000-02-17T18:00,52,10,9,20,50,0,830,12,0
1147,2000-02-17T19:00,52,10,9,19,50,0,830,12,0
1148,2000-02-17T20:00,52,10,8,18,50,0,832,12,0
1149,2000-02-17T21:00,52,10,8,18,50,0,832,12,0
1150,2000-02-17T22:00,52,10,8,18,50,0,832,12,0
1151,2000-02-17T23:00,52,9,8,19,50,0,832,12,0
1152,2000-02-18T00:00,52,9,8,18,50,0,833,12,0
1153,2000-02-18T01:00,52,9,8,17,50,0,833,12,0
1154,2000-02-18T02:00,52,9,8,17,50,0,833,12,0
1155,2000-02-18T03:00,51,9,8,18,50,0,834,12,0
1156,2000-02-18T04:00,51,9,8,17,49,0,835,12,0
1157,2000-02-18T05:00,51,9,8,16,49,0,836,12,0
1158,2000-02-18T06:00,51,9,8,16,49,0,836,12,0
1159,2000-02-18T07:00,51,9,8,16,49,0,836,12,0
1160,2000-02-18T08:00,51,9,8,16,49,0,838,12,0
1161,2000-02-18T09:00,51,9,8,16,49,0,841,12,0
1162,2000-02-18T10:00,51,9,7,16,48,0,842,12,0
1163,2000-02-18T11:00,51,9,7,16,48,0,842,12,0
1164,2000-02-18T12:00,51,9,7,16,47,0,844,13,0
1165,2000-02-18T13:00,51,9,7,15,48,0,844,13,0
1166,2000-02-18T14:00,51,8,5,16,48,0,844,13,0
1167,2000-02-18T15:00,51,8,5,16,48,0,844,13,0
1168,2000-02-18T16:00,51,8,5,16,48,0,846,13,0
1169,2000-02-18T17:00,51,8,5,16,48,0,847,13,0
1170,2000-02-18T18:00,51,8,5,16,47,0,847,13,0
1171,2000-02-18T19:00,51,8,5,15,47,0,848,13,0
1172,2000-02-18T20:00,51,7,5,16,46,0,850,13,0
1173,2000-02-18T21:00,51,7,4,16,45,0,850,13,0
1174,2000-02-18T22:00,51,7,4,16,45,0,850,13,0
1175,2000-02-18T23:00,51,7,4,16,45,0,850,13,0
1176,2000-02-19T00:00,51,7,4,16,45,0,851,13,0
1177,2000-02-19T01:00,51,6,4,17,45,0,852,13,0
1178,2000-02-19T02:00,51,5,4,18,45,0,852,13,0
1179,2000-02-19T03:00,51,5,4,18,45,0,852,13,0
1180,2000-02-19T04:00,51,5,4,18,45,0,854,13,0
1181,2000-02-19T05:00,51,5,4,18,44,0,855,14,0
1182,2000-02-19T06:00,51,5,4,18,44,0,855,14,0
1183,2000-02-19T07:00,51,5,4,18,44,0,855,14,0
1184,2000-02-19T08:00,51,5,4,18,44,0,855,14,0
1185,2000-02-19T09:00,51,5,4,18,43,0,855,14,0
1186,2000-02-19T10:00,51,5,4,18,43,0,857,14,0
1187,2000-02-19T11:00,51,5,4,18,42,0,857,14,0
1188,2000-02-19T12:00,51,5,4,17,41,0,857,14,0
1189,2000-02-19T13:00,51,5,4,17,41,0,857,14,0
1190,2000-02-19T14:00,51,5,4,15,41,0,859,14,0
1191,2000-02-19T15:00,51,5,3,15,41,0,859,14,0
1192,2000-02-19T16:00,51,5,3,15,41,0,859,14,0
1193,2000-02-19T17:00,51,5,3,15,41,0,859,14,0
1194,2000-02-19T18:00,51,5,3,15,41,0,860,14,0
1195,2000-02-19T19:00,51,5,3,15,40,0,861,14,0
1196,2000-02-19T20:00,51,5,3,14,39,0,862,14,0
1197,2000-02-19T21:00,51,5,3,13,39,0,864,14,0
1198,2000-02-19T22:00,51,5,2,12,39,0,864,14,0
1199,2000-02-19T23:00,51,5,2,11,39,0,864,14,0
1200,2000-02-20T00:00,51,5,2,10,39,0,864,14,0
1201,2000-02-20T01:00,51,4,3,10,38,0,864,14,0
1202,2000-02-20T02:00,51,4,3,10,38,0,864,14,0
1203,2000-02-20T03:00,51,4,3,10,38,0,864,14,0
1204,2000-02-20T04:00,51,4,3,10,38,0,864,14,0
1205,2000-02-20T05:00,51,4,3,10,37,1,864,14,0
1206,2000-02-20T06:00,51,3,4,10,37,1,864,14,0
1207,2000-02-20T07:00,51,3,3,10,37,1,864,14,0
1208,2000-02-20T08:00,51,3,3,10,37,1,864,14,0
1209,2000-02-20T09:00,51,3,3,10,37,1,865,14,0
1210,2000-02-20T10:00,51,3,2,10,37,1,865,14,0
1211,2000-02-20T11:00,51,3,2,10,37,1,866,14,0
1212,2000-02-20T12:00,51,3,2,10,37,1,868,14,0
1213,2000-02-20T13:00,51,3,2,10,37,1,868,14,0
1214,2000-02-20T14:00,51,3,2,10,36,1,870,15,0
1215,2000-02-20T15:00,51,3,2,10,36,1,871,15,0
1216,2000-02-20T16:00,51,3,2,10,36,1,871,15,0
1217,2000-02-20T17:00,51,3,2,10,35,1,871,15,0
1218,2000-02-20T18:00,51,3,2,10,35,1,871,15,0
1219,2000-02-20T19:00,51,3,2,10,35,1,872,15,0
1220,2000-02-20T20:00,51,3,2,10,35,1,874,15,0
1221,2000-02-20T21:00,51,3,2,10,34,1,875,15,0
1222,2000-02-20T22:00,51,3,2,10,34,1,877,15,0
1223,2000-02-20T23:00,51,3,2,10,34,1,878,15,0
1224,2000-02-21T00:00,51,3,2,10,34,1,879,15,0
1225,2000-02-21T01:00,51,3,2,10,34,1,880,15,0
1226,2000-02-21T02:00,51,3,2,9,34,1,880,15,0
1227,2000-02-21T03:00,51,3,2,8,34,1,880,15,0
1228,2000-02-21T04:00,51,3,2,8,34,1,880,15,0
1229,2000-02-21T05:00,51,3,2,8,32,1,880,15,0
1230,2000-02-21T06:00,51,3,2,8,32,1,880,15,0
1231,2000-02-21T07:00,51,3,2,7,32,1,881,15,0
1232,2000-02-21T08:00,51,3,2,7,32,1,881,15,0
1233,2000-02-21T09:00,51,3,2,7,32,1,881,15,0
1234,2000-02-21T10:00,51,3,2,7,32,1,882,15,0
1235,2000-02-21T11:00,51,3,2,7,32,1,882,15,0
1236,2000-02-21T12:00,51,3,2,7,32,1,882,15,0
1237,2000-02-21T13:00,51,3,2,7,31,1,882,16,0
1238,2000-02-21T14:00,51,3,2,7,31,1,882,16,0
1239,2000-02-21T15:00,51,3,2,7,30,1,882,16,0
1240,2000-02-21T16:00,51,3,2,7,29,1,882,17,0
1241,2000-02-21T17:00,51,3,2,7,28,2,883,17,0
1242,2000-02-21T18:00,51,3,2,7,27,2,883,17,0
1243,2000-02-21T19:00,51,3,2,7,27,2,883,17,0
1244,2000-02-21T20:00,51,3,2,6,27,2,883,17,0
1245,2000-02-21T21:00,51,2,2,7,27,2,884,17,0
1246,2000-02-21T22:00,51,2,2,7,27,2,884,17,0
1247,2000-02-21T23:00,51,2,2,7,27,2,884,17,0
1248,2000-02-22T00:00,51,2,2,7,27,2,884,17,0
1249,2000-02-22T01:00,51,2,2,7,27,2,884,17,0
1250,2000-02-22T02:00,51,2,2,7,27,2,885,17,0
1251,2000-02-22T03:00,51,1,2,8,27,2,886,17,0
1252,2000-02-22T04:00,51,1,2,8,27,2,886,17,0
1253,2000-02-22T05:00,51,1,2,8,27,2,888,17,0
1254,2000-02-22T06:00,51,1,2,8,27,2,888,17,0
1255,2000-02-22T07:00,51,1,2,8,27,2,889,17,0
1256,2000-02-22T08:00,51,1,2,8,27,2,889,17,0
1257,2000-02-22T09:00,51,1,2,8,27,2,889,17,0
1258,2000-02-22T10:00,51,1,2,7,27,2,889,17,0
1259,2000-02-22T11:00,51,1,2,7,27,2,889,17,0
1260,2000-02-22T12:00,51,1,2,7,27,2,889,17,0
1261,2000-02-22T13:00,51,1,2,7,27,2,889,17,0
1262,2000-02-22T14:00,51,1,2,7,27,2,889,17,0
1263,2000-02-22T15:00,51,1,2,7,27,2,890,17,0
1264,2000-02-22T16:00,51,1,2,7,27,2,890,17,0
1265,2000-02-22T17:00,51,1,2,7,27,2,890,17,0
1266,2000-02-22T18:00,51,1,2,7,26,2,891,17,0
1267,2000-02-22T19:00,51,1,2,7,26,2,891,17,0
1268,2000-02-22T20:00,51,1,2,7,25,2,892,18,0
1269,2000-02-22T21:00,51,1,2,5,26,2,892,18,0
1270,2000-02-22T22:00,51,1,2,5,26,2,892,18,0
1271,2000-02-22T23:00,51,1,2,5,26,2,892,18,0
1272,2000-02-23T00:00,51,0,3,5,25,2,892,18,0
1273,2000-02-23T01:00,51,0,3,5,24,2,892,18,0
1274,2000-02-23T02:00,51,0,3,5,24,2,892,18,0
1275,2000-02-23T03:00,51,0,3,5,23,3,892,18,0
1276,2000-02-23T04:00,51,0,3,5,23,3,892,18,0
1277,2000-02-23T05:00,51,0,3,5,22,3,892,19,0
1278,2000-02-23T06:00,51,0,3,5,22,3,892,19,0
1279,2000-02-23T07:00,51,0,3,5,22,3,892,19,0
1280,2000-02-23T08:00,51,0,3,5,22,3,892,19,0
1281,2000-02-23T09:00,51,0,3,5,22,3,892,19,0
1282,2000-02-23T10:00,51,0,3,5,22,3,893,19,0
1283,2000-02-23T11:00,51,0,3,5,22,3,893,19,0
1284,2000-02-23T12:00,51,0,3,5,22,3,893,19,0
1285,2000-02-23T13:00,51,0,3,5,22,3,893,19,0
1286,2000-02-23T14:00,51,0,3,5,21,3,893,19,0
1287,2000-02-23T15:00,51,0,3,5,21,3,893,19,0
1288,2000-02-23T16:00,51,0,3,5,21,3,893,19,0
1289,2000-02-23T17:00,51,0,3,5,20,2,893,21,0
1290,2000-02-23T18:00,51,0,3,5,20,2,894,21,0
1291,2000-02-23T19:00,51,0,3,5,20,2,894,21,0
1292,2000-02-23T20:00,51,0,3,5,20,2,894,21,0
1293,2000-02-23T21:00,51,0,3,5,19,2,895,21,0
1294,2000-02-23T22:00,51,0,3,5,19,2,895,21,0
1295,2000-02-23T23:00,51,0,3,4,20,2,895,21,0
1296,2000-02-24T00:00,51,0,3,4,20,2,896,21,0
1297,2000-02-24T01:00,51,0,3,4,20,2,897,21,0
1298,2000-02-24T02:00,51,0,3,4,20,2,897,21,0
1299,2000-02-24T03:00,51,0,3,4,20,2,897,21,0
1300,2000-02-24T04:00,51,0,3,4,20,2,897,21,0
1301,2000-02-24T05:00,51,0,3,4,20,1,897,22,0
1302,2000-02-24T06:00,51,0,2,4,20,1,897,22,0
1303,2000-02-24T07:00,51,0,2,4,19,2,897,22,0
1304,2000-02-24T08:00,51,0,2,4,19,2,897,22,0
1305,2000-02-24T09:00,51,0,2,4,19,2,897,22,0
1306,2000-02-24T10:00,51,0,2,4,18,2,897,22,0
1307,2000-02-24T11:00,51,0,2,4,18,2,897,22,0
1308,2000-02-24T12:00,51,0,2,4,18,2,897,22,0
1309,2000-02-24T13:00,51,0,2,4,18,2,897,22,0
1310,2000-02-24T14:00,51,0,2,4,18,2,898,22,0
1311,2000-02-24T15:00,51,0,2,4,18,2,898,22,0
1312,2000-02-24T16:00,51,0,2,4,18,2,898,22,0
1313,2000-02-24T17:00,51,0,2,4,18,2,898,22,0
1314,2000-02-24T18:00,51,0,2,4,17,2,898,22,0
1315,2000-02-24T19:00,51,0,2,4,17,2,898,22,0
1316,2000-02-24T20:00,51,0,2,4,17,2,898,22,0
1317,2000-02-24T21:00,51,0,2,4,17,2,899,22,0
1318,2000-02-24T22:00,51,0,2,4,17,2,899,22,0
1319,2000-02-24T23:00,51,0,2,3,17,2,899,22,0
1320,2000-02-25T00:00,51,0,1,3,17,2,899,22,0
1321,2000-02-25T01:00,51,0,1,3,17,2,899,22,0
1322,2000-02-25T02:00,51,0,1,3,17,2,899,22,0
1323,2000-02-25T03:00,51,0,1,3,17,1,899,23,0
1324,2000-02-25T04:00,51,0,1,3,17,1,899,23,0
1325,2000-02-25T05:00,51,0,1,3,17,1,899,23,0
1326,2000-02-25T06:00,51,0,1,3,17,1,900,23,0
1327,2000-02-25T07:00,51,0,1,3,17,1,900,23,0
1328,2000-02-25T08:00,51,0,1,3,17,1,900,23,0
1329,2000-02-25T09:00,51,0,1,3,17,1,900,23,0
1330,2000-02-25T10:00,51,0,1,3,16,1,901,23,0
1331,2000-02-25T11:00,51,0,1,3,16,1,901,23,0
1332,2000-02-25T12:00,51,0,1,2,16,1,901,23,0
1333,2000-02-25T13:00,51,0,1,2,16,1,901,23,0
1334,2000-02-25T14:00,51,0,1,2,16,1,901,23,0
1335,2000-02-25T15:00,51,0,1,2,16,1,901,23,0
1336,2000-02-25T16:00,51,0,1,2,16,1,901,23,0
1337,2000-02-25T17:00,51,0,1,2,16,1,901,23,0
1338,2000-02-25T18:00,51,0,1,2,16,1,902,23,0
1339,2000-02-25T19:00,51,0,1,2,16,1,902,23,0
1340,2000-02-25T20:00,51,0,1,2,16,1,902,23,0
1341,2000-02-25T21:00,51,0,1,2,16,1,902,23,0
1342,2000-02-25T22:00,51,0,1,2,16,1,902,23,0
1343,2000-02-25T23:00,51,0,1,2,16,1,903,23,0
1344,2000-02-26T00:00,51,0,1,2,16,1,904,23,0
1345,2000-02-26T01:00,51,0,0,1,17,1,904,23,0
1346,2000-02-26T02:00,51,0,0,1,17,1,904,23,0
1347,2000-02-26T03:00,51,0,0,1,17,1,904,23,0
1348,2000-02-26T04:00,51,0,0,1,17,1,904,23,0
1349,2000-02-26T05:00,51,0,0,1,17,1,904,23,0
1350,2000-02-26T06:00,51,0,0,1,17,1,904,23,0
1351,2000-02-26T07:00,51,0,0,1,17,1,904,23,0
1352,2000-02-26T08:00,51,0,0,1,17,1,904,23,0
1353,2000-02-26T09:00,51,0,0,1,17,1,904,23,0
1354,2000-02-26T10:00,51,0,0,1,17,1,905,23,0
1355,2000-02-26T11:00,51,0,0,1,17,1,905,23,0
1356,2000-02-26T12:00,51,0,0,1,17,1,906,23,0
1357,2000-02-26T13:00,51,0,0,1,17,1,906,23,0
1358,2000-02-26T14:00,51,0,0,1,17,1,906,23,0
1359,2000-02-26T15:00,51,0,0,1,17,1,906,23,0
1360,2000-02-26T16:00,51,0,0,1,17,1,906,23,0
1361,2000-02-26T17:00,51,0,0,1,16,1,906,23,0
1362,2000-02-26T18:00,51,0,0,1,15,1,906,24,0
1363,2000-02-26T19:00,51,0,0,1,15,1,906,24,0
1364,2000-02-26T20:00,51,0,0,1,15,1,906,24,0
1365,2000-02-26T21:00,51,0,0,1,15,1,906,24,0
1366,2000-02-26T22:00,51,0,0,1,15,1,906,24,0
1367,2000-02-26T23:00,51,0,0,1,14,1,906,24,0
1368,2000-02-27T00:00,51,0,0,1,14,1,906,24,0
1369,2000-02-27T01:00,51,0,0,1,14,1,907,24,0
1370,2000-02-27T02:00,51,0,0,1,14,1,907,24,0
1371,2000-02-27T03:00,51,0,0,0,14,1,907,24,0
1372,2000-02-27T04:00,51,0,0,0,14,1,907,24,0
1373,2000-02-27T05:00,51,0,0,0,14,1,907,24,0
1374,2000-02-27T06:00,51,0,0,0,14,1,907,24,0
1375,2000-02-27T07:00,51,0,0,0,14,0,907,25,0
1376,2000-02-27T08:00,51,0,0,0,14,0,907,25,0
1377,2000-02-27T09:00,51,0,0,0,14,0,907,25,0
1378,2000-02-27T10:00,51,0,0,0,14,0,907,25,0
1379,2000-02-27T11:00,51,0,0,0,14,0,907,25,0
1380,2000-02-27T12:00,51,0,0,0,14,0,907,25,0
1381,2000-02-27T13:00,51,0,0,0,13,0,907,25,0
1382,2000-02-27T14:00,51,0,0,0,13,0,907,25,0
1383,2000-02-27T15:00,51,0,0,0,13,0,907,25,0
1384,2000-02-27T16:00,51,0,0,0,13,0,907,25,0
1385,2000-02-27T17:00,51,0,0,0,13,0,908,25,0
1386,2000-02-27T18:00,51,0,0,0,12,0,908,26,0
1387,2000-02-27T19:00,51,0,0,0,12,0,908,26,0
1388,2000-02-27T20:00,51,0,0,0,12,0,908,26,0
1389,2000-02-27T21:00,51,0,0,0,12,0,908,26,0
1390,2000-02-27T22:00,51,0,0,0,12,0,908,26,0
1391,2000-02-27T23:00,51,0,0,0,12,0,909,26,0
1392,2000-02-28T00:00,51,0,0,0,11,0,909,26,0
1393,2000-02-28T01:00,51,0,0,0,9,0,909,27,0
1394,2000-02-28T02:00,51,0,0,0,9,0,909,27,0
1395,2000-02-28T03:00,51,0,0,0,9,0,910,27,0
1396,2000-02-28T04:00,51,0,0,0,9,0,910,27,0
1397,2000-02-28T05:00,51,0,0,0,9,0,910,27,0
1398,2000-02-28T06:00,51,0,0,0,9,0,910,27,0
1399,2000-02-28T07:00,51,0,0,0,8,0,910,27,0
1400,2000-02-28T08:00,51,0,0,0,8,0,910,27,0
1401,2000-02-28T09:00,51,0,0,0,8,0,910,27,0
1402,2000-02-28T10:00,51,0,0,0,7,0,910,27,0
1403,2000-02-28T11:00,51,0,0,0,7,0,910,27,0
1404,2000-02-28T12:00,51,0,0,0,7,0,910,27,0
1405,2000-02-28T13:00,51,0,0,0,7,0,911,27,0
1406,2000-02-28T14:00,51,0,0,0,7,0,911,27,0
1407,2000-02-28T15:00,51,0,0,0,7,0,911,27,0
1408,2000-02-28T16:00,51,0,0,0,7,0,911,27,0
1409,2000-02-28T17:00,51,0,0,0,7,0,911,27,0
1410,2000-02-28T18:00,51,0,0,0,7,0,911,27,0
1411,2000-02-28T19:00,51,0,0,0,7,0,911,27,0
1412,2000-02-28T20:00,51,0,0,0,7,0,911,27,0
1413,2000-02-28T21:00,51,0,0,0,7,0,911,27,0
1414,2000-02-28T22:00,51,0,0,0,7,0,911,27,0
1415,2000-02-28T23:00,51,0,0,0,7,0,911,27,0
1416,2000-02-29T00:00,51,0,0,0,7,0,912,27,0
1417,2000-02-29T01:00,51,0,0,0,7,0,913,27,0
1418,2000-02-29T02:00,51,0,0,0,7,0,913,27,0
1419,2000-02-29T03:00,51,0,0,0,7,0,913,27,0
1420,2000-02-29T04:00,51,0,0,0,7,0,913,27,0
1421,2000-02-29T05:00,51,0,0,0,7,0,913,27,0
1422,2000-02-29T06:00,51,0,0,0,7,0,913,27,0
1423,2000-02-29T07:00,51,0,0,0,7,0,914,27,0
1424,2000-02-29T08:00,51,0,0,0,7,0,914,27,0
1425,2000-02-29T09:00,51,0,0,0,6,0,914,27,0
1426,2000-02-29T10:00,51,0,0,0,6,0,915,27,0
1427,2000-02-29T11:00,51,0,0,0,6,0,915,27,0
1428,2000-02-29T12:00,51,0,0,0,6,0,915,27,0
1429,2000-02-29T13:00,51,0,0,0,6,0,915,27,0
1430,2000-02-29T14:00,51,0,0,0,6,0,915,27,0
1431,2000-02-29T15:00,51,0,0,0,6,0,915,27,0
1432,2000-02-29T16:00,51,0,0,0,6,0,915,27,0
1433,2000-02-29T17:00,51,0,0,0,6,0,915,27,0
1434,2000-02-29T18:00,51,0,0,0,5,0,915,27,0
1435,2000-02-29T19:00,51,0,0,0,5,0,915,27,0
1436,2000-02-29T20:00,51,0,0,0,5,0,915,27,0
1437,2000-02-29T21:00,51,0,0,0,5,0,915,27,0
1438,2000-02-29T22:00,51,0,0,0,5,0,915,27,0
1439,2000-02-29T23:00,51,0,0,0,5,0,915,27,0
1440,2000-03-01T00:00,51,0,0,0,5,0,915,27,0
1441,2000-03-01T01:00,51,0,0,0,5,0,915,27,0
1442,2000-03-01T02:00,51,0,0,0,5,0,915,27,0
1443,2000-03-01T03:00,51,0,0,0,5,0,915,27,0
1444,2000-03-01T04:00,51,0,0,0,5,0,915,27,0
1445,2000-03-01T05:00,51,0,0,0,5,0,915,27,0
1446,2000-03-01T06:00,51,0,0,0,5,0,915,27,0
1447,2000-03-01T07:00,51,0,0,0,5,0,915,27,0
1448,2000-03-01T08:00,51,0,0,0,5,0,915,27,0
1449,2000-03-01T09:00,51,0,0,0,4,0,916,27,0
1450,2000-03-01T10:00,51,0,0,0,4,0,916,27,0
1451,2000-03-01T11:00,51,0,0,0,4,0,916,27,0
1452,2000-03-01T12:00,51,0,0,0,4,0,916,27,0
1453,2000-03-01T13:00,51,0,0,0,4,0,916,27,0
1454,2000-03-01T14:00,51,0,0,0,4,0,916,27,0
1455,2000-03-01T15:00,51,0,0,0,4,0,916,27,0
1456,2000-03-01T16:00,51,0,0,0,4,0,916,27,0
1457,2000-03-01T17:00,51,0,0,0,4,0,916,27,0
1458,2000-03-01T18:00,51,0,0,0,3,1,917,27,0
1459,2000-03-01T19:00,51,0,0,0,3,1,917,27,0
1460,2000-03-01T20:00,51,0,0,0,3,1,917,27,0
1461,2000-03-01T21:00,51,0,0,0,3,1,917,27,0
1462,2000-03-01T22:00,51,0,0,0,3,1,917,27,0
1463,2000-03-01T23:00,51,0,0,0,3,1,917,27,0
1464,2000-03-02T00:00,51,0,0,0,3,1,917,27,0
1465,2000-03-02T01:00,51,0,0,0,3,1,917,27,0
1466,2000-03-02T02:00,51,0,0,0,3,1,917,27,0
1467,2000-03-02T03:00,51,0,0,0,3,1,917,27,0
1468,2000-03-02T04:00,51,0,0,0,3,1,917,27,0
1469,2000-03-02T05:00,51,0,0,0,3,1,917,27,0
1470,2000-03-02T06:00,51,0,0,0,3,1,917,27,0
1471,2000-03-02T07:00,51,0,0,0,3,1,917,27,0
1472,2000-03-02T08:00,51,0,0,0,3,1,917,27,0
1473,2000-03-02T09:00,51,0,0,0,3,1,918,27,0
1474,2000-03-02T10:00,51,0,0,0,3,1,918,27,0
1475,2000-03-02T11:00,51,0,0,0,3,1,918,27,0
1476,2000-03-02T12:00,51,0,0,0,3,1,918,27,0
1477,2000-03-02T13:00,51,0,0,0,3,1,918,27,0
1478,2000-03-02T14:00,51,0,0,0,3,1,918,27,0
1479,2000-03-02T15:00,51,0,0,0,3,1,918,27,0
1480,2000-03-02T16:00,51,0,0,0,3,1,918,27,0
1481,2000-03-02T17:00,51,0,0,0,3,1,918,27,0
1482,2000-03-02T18:00,51,0,0,0,3,0,918,28,0
1483,2000-03-02T19:00,51,0,0,0,3,0,918,28,0
1484,2000-03-02T20:00,51,0,0,0,3,0,918,28,0
1485,2000-03-02T21:00,51,0,0,0,3,0,918,28,0
1486,2000-03-02T22:00,51,0,0,0,3,0,918,28,0
1487,2000-03-02T23:00,51,0,0,0,3,0,918,28,0
1488,2000-03-03T00:00,51,0,0,0,3,0,918,28,0
1489,2000-03-03T01:00,51,0,0,0,3,0,918,28,0
1490,2000-03-03T02:00,51,0,0,0,3,0,918,28,0
1491,2000-03-03T03:00,51,0,0,0,3,0,918,28,0
1492,2000-03-03T04:00,51,0,0,0,3,0,918,28,0
1493,2000-03-03T05:00,51,0,0,0,3,0,918,28,0
1494,2000-03-03T06:00,51,0,0,0,3,0,918,28,0
1495,2000-03-03T07:00,51,0,0,0,3,0,918,28,0
1496,2000-03-03T08:00,51,0,0,0,3,0,918,28,0
1497,2000-03-03T09:00,51,0,0,0,3,0,918,28,0
1498,2000-03-03T10:00,51,0,0,0,3,0,918,28,0
1499,2000-03-03T11:00,51,0,0,0,3,0,918,28,0
1500,2000-03-03T12:00,51,0,0,0,3,0,918,28,0
1501,2000-03-03T13:00,51,0,0,0,3,0,918,28,0
1502,2000-03-03T14:00,51,0,0,0,3,0,918,28,0
1503,2000-03-03T15:00,51,0,0,0,3,0,918,28,0
1504,2000-03-03T16:00,51,0,0,0,3,0,918,28,0
1505,2000-03-03T17:00,51,0,0,0,3,0,918,28,0
1506,2000-03-03T18:00,51,0,0,0,3,0,918,28,0
1507,2000-03-03T19:00,51,0,0,0,3,0,918,28,0
1508,2000-03-03T20:00,51,0,0,0,3,0,918,28,0
1509,2000-03-03T21:00,51,0,0,0,3,0,918,28,0
1510,2000-03-03T22:00,51,0,0,0,3,0,918,28,0
1511,2000-03-03T23:00,51,0,0,0,3,0,918,28,0
1512,2000-03-04T00:00,51,0,0,0,3,0,918,28,0
1513,2000-03-04T01:00,51,0,0,0,3,0,918,28,0
1514,2000-03-04T02:00,51,0,0,0,3,0,918,28,0
1515,2000-03-04T03:00,51,0,0,0,3,0,918,28,0
1516,2000-03-04T04:00,51,0,0,0,3,0,918,28,0
1517,2000-03-04T05:00,51,0,0,0,3,0,918,28,0
1518,2000-03-04T06:00,51,0,0,0,3,0,918,28,0
1519,2000-03-04T07:00,51,0,0,0,3,0,918,28,0
1520,2000-03-04T08:00,51,0,0,0,3,0,918,28,0
1521,2000-03-04T09:00,51,0,0,0,3,0,918,28,0
1522,2000-03-04T10:00,51,0,0,0,3,0,918,28,0
1523,2000-03-04T11:00,51,0,0,0,3,0,918,28,0
1524,2000-03-04T12:00,51,0,0,0,3,0,918,28,0
1525,2000-03-04T13:00,51,0,0,0,3,0,918,28,0
1526,2000-03-04T14:00,51,0,0,0,3,0,918,28,0
1527,2000-03-04T15:00,51,0,0,0,3,0,918,28,0
1528,2000-03-04T16:00,51,0,0,0,3,0,918,28,0
1529,2000-03-04T17:00,51,0,0,0,3,0,918,28,0
1530,2000-03-04T18:00,51,0,0,0,3,0,918,28,0
1531,2000-03-04T19:00,51,0,0,0,3,0,918,28,0
1532,2000-03-04T20:00,51,0,0,0,3,0,918,28,0
1533,2000-03-04T21:00,51,0,0,0,3,0,918,28,0
1534,2000-03-04T22:00,51,0,0,0,3,0,918,28,0
1535,2000-03-04T23:00,51,0,0,0,3,0,918,28,0
1536,2000-03-05T00:00,51,0,0,0,3,0,918,28,0
1537,2000-03-05T01:00,51,0,0,0,3,0,918,28,0
1538,2000-03-05T02:00,51,0,0,0,3,0,918,28,0
1539,2000-03-05T03:00,51,0,0,0,3,0,918,28,0
1540,2000-03-05T04:00,51,0,0,0,3,0,918,28,0
1541,2000-03-05T05:00,51,0,0,0,3,0,918,28,0
1542,2000-03-05T06:00,51,0,0,0,3,0,918,28,0
1543,2000-03-05T07:00,51,0,0,0,3,0,918,28,0
1544,2000-03-05T08:00,51,0,0,0,3,0,918,28,0
1545,2000-03-05T09:00,51,0,0,0,3,0,918,28,0
1546,2000-03-05T10:00,51,0,0,0,3,0,918,28,0
1547,2000-03-05T11:00,51,0,0,0,3,0,918,28,0
1548,2000-03-05T12:00,51,0,0,0,3,0,918,28,0
1549,2000-03-05T13:00,51,0,0,0,3,0,918,28,0
1550,2000-03-05T14:00,51,0,0,0,3,0,918,28,0
1551,2000-03-05T15:00,51,0,0,0,3,0,918,28,0
1552,2000-03-05T16:00,51,0,0,0,3,0,918,28,0
1553,2000-03-05T17:00,51,0,0,0,3,0,918,28,0
1554,2000-03-05T18:00,51,0,0,0,3,0,918,28,0
1555,2000-03-05T19:00,51,0,0,0,3,0,918,28,0
1556,2000-03-05T20:00,51,0,0,0,3,0,918,28,0
1557,2000-03-05T21:00,51,0,0,0,2,0,918,28,0
1558,2000-03-05T22:00,51,0,0,0,2,0,918,28,0
1559,2000-03-05T23:00,51,0,0,0,2,0,918,28,0
1560,2000-03-06T00:00,51,0,0,0,2,0,918,28,0
1561,2000-03-06T01:00,51,0,0,0,2,0,918,28,0
1562,2000-03-06T02:00,51,0,0,0,2,0,918,28,0
1563,2000-03-06T03:00,51,0,0,0,2,0,918,28,0
1564,2000-03-06T04:00,51,0,0,0,2,0,918,28,0
1565,2000-03-06T05:00,51,0,0,0,2,0,918,28,0
1566,2000-03-06T06:00,51,0,0,0,2,0,918,28,0
1567,2000-03-06T07:00,51,0,0,0,2,0,918,28,0
1568,2000-03-06T08:00,51,0,0,0,2,0,918,28,0
1569,2000-03-06T09:00,51,0,0,0,2,0,918,28,0
1570,2000-03-06T10:00,51,0,0,0,2,0,918,28,0
1571,2000-03-06T11:00,51,0,0,0,2,0,918,28,0
1572,2000-03-06T12:00,51,0,0,0,2,0,918,28,0
1573,2000-03-06T13:00,51,0,0,0,2,0,918,28,0
1574,2000-03-06T14:00,51,0,0,0,2,0,918,28,0
1575,2000-03-06T15:00,51,0,0,0,2,0,918,28,0
1576,2000-03-06T16:00,51,0,0,0,2,0,918,28,0
1577,2000-03-06T17:00,51,0,0,0,2,0,918,28,0
1578,2000-03-06T18:00,51,0,0,0,2,0,918,28,0
1579,2000-03-06T19:00,51,0,0,0,2,0,918,28,0
1580,2000-03-06T20:00,51,0,0,0,2,0,918,28,0
1581,2000-03-06T21:00,51,0,0,0,2,0,919,28,0
1582,2000-03-06T22:00,51,0,0,0,2,0,919,28,0
1583,2000-03-06T23:00,51,0,0,0,2,0,919,28,0
1584,2000-03-07T00:00,51,0,0,0,2,0,919,28,0
1585,2000-03-07T01:00,51,0,0,0,1,0,919,28,0
1586,2000-03-07T02:00,51,0,0,0,1,0,919,28,0
1587,2000-03-07T03:00,51,0,0,0,1,0,919,28,0
1588,2000-03-07T04:00,51,0,0,0,1,0,919,28,0
1589,2000-03-07T05:00,51,0,0,0,1,0,919,28,0
1590,2000-03-07T06:00,51,0,0,0,1,0,919,28,0
1591,2000-03-07T07:00,51,0,0,0,1,0,919,28,0
1592,2000-03-07T08:00,51,0,0,0,1,0,919,28,0
1593,2000-03-07T09:00,51,0,0,0,1,0,919,28,0
1594,2000-03-07T10:00,51,0,0,0,1,0,919,28,0
1595,2000-03-07T11:00,51,0,0,0,1,0,919,28,0
1596,2000-03-07T12:00,51,0,0,0,1,0,919,28,0
1597,2000-03-07T13:00,51,0,0,0,1,0,919,28,0
1598,2000-03-07T14:00,51,0,0,0,1,0,919,28,0
1599,2000-03-07T15:00,51,0,0,0,1,0,919,28,0
1600,2000-03-07T16:00,51,0,0,0,1,0,919,28,0
1601,2000-03-07T17:00,51,0,0,0,1,0,919,28,0
1602,2000-03-07T18:00,51,0,0,0,1,0,919,28,0
1603,2000-03-07T19:00,51,0,0,0,1,0,919,28,0
1604,2000-03-07T20:00,51,0,0,0,1,0,919,28,0
1605,2000-03-07T21:00,51,0,0,0,1,0,919,28,0
1606,2000-03-07T22:00,51,0,0,0,1,0,919,28,0
1607,2000-03-07T23:00,51,0,0,0,0,0,919,28,0
1608,2000-03-08T00:00,51,0,0,0,0,0,919,28,0
1609,2000-03-08T01:00,53,0,0,0,0,0,918,28,0
1610,2000-03-08T02:00,53,0,0,0,0,0,918,28,0
1611,2000-03-08T03:00,53,0,0,0,0,0,918,28,0
1612,2000-03-08T04:00,53,0,0,0,0,0,918,28,0
1613,2000-03-08T05:00,53,0,0,0,0,0,918,28,0
1614,2000-03-08T06:00,53,0,0,0,0,0,918,28,0
1615,2000-03-08T07:00,53,0,0,0,0,0,918,28,0
1616,2000-03-08T08:00,53,0,0,0,0,0,918,28,0
1617,2000-03-08T09:00,53,0,0,0,0,0,918,28,0
1618,2000-03-08T10:00,53,0,0,0,0,0,918,28,0
1619,2000-03-08T11:00,53,0,0,0,0,0,918,28,0
1620,2000-03-08T12:00,53,0,0,0,0,0,918,28,0
1621,2000-03-08T13:00,53,0,0,0,0,0,918,28,0
1622,2000-03-08T14:00,53,0,0,0,0,0,918,28,0
1623,2000-03-08T15:00,53,0,0,0,0,0,918,28,0
1624,2000-03-08T16:00,53,0,0,0,0,0,918,28,0
1625,2000-03-08T17:00,53,0,0,0,0,0,918,28,0
1626,2000-03-08T18:00,53,0,0,0,0,0,918,28,0
1627,2000-03-08T19:00,53,0,0,0,0,0,918,28,0
1628,2000-03-08T20:00,53,0,0,0,0,0,918,28,0
1629,2000-03-08T21:00,53,0,0,0,0,0,918,28,0
1630,2000-03-08T22:00,53,0,0,0,0,0,918,28,0
1631,2000-03-08T23:00,53,0,0,0,0,0,919,28,0
1632,2000-03-09T00:00,53,0,0,0,0,0,919,28,0
1633,2000-03-09T01:00,53,0,0,0,0,0,919,28,0
1634,2000-03-09T02:00,53,0,0,0,0,0,919,28,0
1635,2000-03-09T03:00,53,0,0,0,0,0,919,28,0
1636,2000-03-09T04:00,53,0,0,0,0,0,919,28,0
1637,2000-03-09T05:00,53,0,0,0,0,0,919,28,0
1638,2000-03-09T06:00,53,0,0,0,0,0,919,28,0
1639,2000-03-09T07:00,53,0,0,0,0,0,919,28,0
1640,2000-03-09T08:00,53,0,0,0,0,0,919,28,0
1641,2000-03-09T09:00,53,0,0,0,0,0,919,28,0
1642,2000-03-09T10:00,53,0,0,0,0,0,919,28,0
1643,2000-03-09T11:00,53,0,0,0,0,0,919,28,0
1644,2000-03-09T12:00,53,0,0,0,0,0,919,28,0
1645,2000-03-09T13:00,53,0,0,0,0,0,919,28,0
1646,2000-03-09T14:00,53,0,0,0,0,0,919,28,0
1647,2000-03-09T15:00,53,0,0,0,0,0,919,28,0
1648,2000-03-09T16:00,53,0,0,0,0,0,919,28,0
1649,2000-03-09T17:00,53,0,0,0,0,0,919,28,0
1650,2000-03-09T18:00,53,0,0,0,0,0,919,28,0
1651,2000-03-09T19:00,53,0,0,0,0,0,919,28,0
1652,2000-03-09T20:00,53,0,0,0,0,0,919,28,0
1653,2000-03-09T21:00,53,0,0,0,0,0,919,28,0
1654,2000-03-09T22:00,53,0,0,0,0,0,919,28,0
1655,2000-03-09T23:00,53,0,0,0,0,0,919,28,0
1656,2000-03-10T00:00,53,0,0,0,0,0,919,28,0
1657,2000-03-10T01:00,54,0,0,0,0,0,918,28,0
1658,2000-03-10T02:00,54,0,0,0,0,0,918,28,0
1659,2000-03-10T03:00,54,0,0,0,0,0,918,28,0
1660,2000-03-10T04:00,54,0,0,0,0,0,918,28,0
1661,2000-03-10T05:00,54,0,0,0,0,0,918,28,0
1662,2000-03-10T06:00,54,0,0,0,0,0,918,28,0
1663,2000-03-10T07:00,54,0,0,0,0,0,918,28,0
1664,2000-03-10T08:00,54,0,0,0,0,0,918,28,0
1665,2000-03-10T09:00,54,0,0,0,0,0,918,28,0
1666,2000-03-10T10:00,54,0,0,0,0,0,918,28,0
1667,2000-03-10T11:00,54,0,0,0,0,0,918,28,0
1668,2000-03-10T12:00,54,0,0,0,0,0,918,28,0
1669,2000-03-10T13:00,54,0,0,0,0,0,918,28,0
1670,2000-03-10T14:00,54,0,0,0,0,0,918,28,0
1671,2000-03-10T15:00,54,0,0,0,0,0,918,28,0
1672,2000-03-10T16:00,54,0,0,0,0,0,918,28,0
1673,2000-03-10T17:00,54,0,0,0,0,0,918,28,0
1674,2000-03-10T18:00,54,0,0,0,0,0,918,28,0
1675,2000-03-10T19:00,54,0,0,0,0,0,918,28,0
1676,2000-03-10T20:00,54,0,0,0,0,0,918,28,0
1677,2000-03-10T21:00,54,0,0,0,0,0,918,28,0
1678,2000-03-10T22:00,54,0,0,0,0,0,918,28,0
1679,2000-03-10T23:00,54,0,0,0,0,0,918,28,0
1680,2000-03-11T00:00,54,0,0,0,0,0,918,28,0
1681,2000-03-11T01:00,54,0,0,0,0,0,918,28,0
1682,2000-03-11T02:00,54,0,0,0,0,0,918,28,0
1683,2000-03-11T03:00,54,0,0,0,0,0,918,28,0
1684,2000-03-11T04:00,54,0,0,0,0,0,918,28,0
1685,2000-03-11T05:00,54,0,0,0,0,0,918,28,0
1686,2000-03-11T06:00,54,0,0,0,0,0,918,28,0
1687,2000-03-11T07:00,54,0,0,0,0,0,918,28,0
1688,2000-03-11T08:00,54,0,0,0,0,0,918,28,0
1689,2000-03-11T09:00,54,0,0,0,0,0,918,28,0
1690,2000-03-11T10:00,54,0,0,0,0,0,918,28,0
1691,2000-03-11T11:00,54,0,0,0,0,0,918,28,0
1692,2000-03-11T12:00,54,0,0,0,0,0,918,28,0
1693,2000-03-11T13:00,54,0,0,0,0,0,918,28,0
1694,2000-03-11T14:00,54,0,0,0,0,0,918,28,0
1695,2000-03-11T15:00,54,0,0,0,0,0,918,28,0
1696,2000-03-11T16:00,54,0,0,0,0,0,918,28,0
1697,2000-03-11T17:00,54,0,0,0,0,0,918,28,0
1698,2000-03-11T18:00,54,0,0,0,0,0,918,28,0
1699,2000-03-11T19:00,54,0,0,0,0,0,918,28,0
1700,2000-03-11T20:00,54,0,0,0,0,0,918,28,0
1701,2000-03-11T21:00,54,0,0,0,0,0,918,28,0
1702,2000-03-11T22:00,54,0,0,0,0,0,918,28,0
1703,2000-03-11T23:00,54,0,0,0,0,0,918,28,0
1704,2000-03-12T00:00,54,0,0,0,0,0,918,28,0
1705,2000-03-12T01:00,54,0,0,0,0,0,918,28,0
1706,2000-03-12T02:00,54,0,0,0,0,0,918,28,0
1707,2000-03-12T03:00,54,0,0,0,0,0,918,28,0
1708,2000-03-12T04:00,54,0,0,0,0,0,918,28,0
1709,2000-03-12T05:00,54,0,0,0,0,0,918,28,0
1710,2000-03-12T06:00,54,0,0,0,0,0,918,28,0
1711,2000-03-12T07:00,54,0,0,0,0,0,918,28,0
1712,2000-03-12T08:00,54,0,0,0,0,0,918,28,0
1713,2000-03-12T09:00,54,0,0,0,0,0,918,28,0
1714,2000-03-12T10:00,54,0,0,0,0,0,918,28,0
1715,2000-03-12T11:00,54,0,0,0,0,0,918,28,0
1716,2000-03-12T12:00,54,0,0,0,0,0,918,28,0
1717,2000-03-12T13:00,54,0,0,0,0,0,918,28,0
1718,2000-03-12T14:00,54,0,0,0,0,0,918,28,0
1719,2000-03-12T15:00,54,0,0,0,0,0,918,28,0
1720,2000-03-12T16:00,54,0,0,0,0,0,918,28,0
1721,2000-03-12T17:00,55,0,0,0,0,0,917,28,0
1722,2000-03-12T18:00,55,0,0,0,0,0,917,28,0
1723,2000-03-12T19:00,55,0,0,0,0,0,917,28,0
1724,2000-03-12T20:00,55,0,0,0,0,0,917,28,0
1725,2000-03-12T21:00,55,0,0,0,0,0,917,28,0
1726,2000-03-12T22:00,55,0,0,0,0,0,917,28,0
1727,2000-03-12T23:00,55,0,0,0,0,0,917,28,0
1728,2000-03-13T00:00,55,0,0,0,0,0,917,28,0
1729,2000-03-13T01:00,55,0,0,0,0,0,917,28,0
1730,2000-03-13T02:00,55,0,0,0,0,0,917,28,0
1731,2000-03-13T03:00,55,0,0,0,0,0,917,28,0
1732,2000-03-13T04:00,55,0,0,0,0,0,917,28,0
1733,2000-03-13T05:00,55,0,0,0,0,0,917,28,0
1734,2000-03-13T06:00,55,0,0,0,0,0,917,28,0
1735,2000-03-13T07:00,55,0,0,0,0,0,917,28,0
1736,2000-03-13T08:00,55,0,0,0,0,0,917,28,0
1737,2000-03-13T09:00,55,0,0,0,0,0,917,28,0
1738,2000-03-13T10:00,55,0,0,0,0,0,917,28,0
1739,2000-03-13T11:00,55,0,0,0,0,0,917,28,0
1740,2000-03-13T12:00,55,0,0,0,0,0,917,28,0
1741,2000-03-13T13:00,55,0,0,0,0,0,917,28,0
1742,2000-03-13T14:00,55,0,0,0,0,0,917,28,0
1743,2000-03-13T15:00,55,0,0,0,0,0,917,28,0
1744,2000-03-13T16:00,55,0,0,0,0,0,917,28,0
1745,2000-03-13T17:00,55,0,0,0,0,0,917,28,0
1746,2000-03-13T18:00,55,0,0,0,0,0,917,28,0
1747,2000-03-13T19:00,55,0,0,0,0,0,917,28,0
1748,2000-03-13T20:00,55,0,0,0,0,0,917,28,0
1749,2000-03-13T21:00,55,0,0,0,0,0,917,28,0
1750,2000-03-13T22:00,55,0,0,0,0,0,917,28,0
1751,2000-03-13T23:00,55,0,0,0,0,0,917,28,0
1752,2000-03-14T00:00,55,0,0,0,0,0,917,28,0
1753,2000-03-14T01:00,58,0,0,0,0,0,914,28,0
1754,2000-03-14T02:00,58,0,0,0,0,0,914,28,0
1755,2000-03-14T03:00,58,0,0,0,0,0,914,28,0
1756,2000-03-14T04:00,58,0,0,0,0,0,914,28,0
1757,2000-03-14T05:00,58,0,0,0,0,0,914,28,0
1758,2000-03-14T06:00,58,0,0,0,0,0,914,28,0
1759,2000-03-14T07:00,58,0,0,0,0,0,914,28,0
1760,2000-03-14T08:00,58,0,0,0,0,0,914,28,0
1761,2000-03-14T09:00,59,0,0,0,0,0,913,28,0
1762,2000-03-14T10:00,59,0,0,0,0,0,913,28,0
1763,2000-03-14T11:00,59,0,0,0,0,0,913,28,0
1764,2000-03-14T12:00,59,0,0,0,0,0,913,28,0
1765,2000-03-14T13:00,59,0,0,0,0,0,913,28,0
1766,2000-03-14T14:00,59,0,0,0,0,0,913,28,0
1767,2000-03-14T15:00,59,0,0,0,0,0,913,28,0
1768,2000-03-14T16:00,59,0,0,0,0,0,913,28,0
1769,2000-03-14T17:00,59,0,0,0,0,0,913,28,0
1770,2000-03-14T18:00,59,0,0,0,0,0,913,28,0
1771,2000-03-14T19:00,59,0,0,0,0,0,913,28,0
1772,2000-03-14T20:00,59,0,0,0,0,0,913,28,0
1773,2000-03-14T21:00,59,0,0,0,0,0,913,28,0
1774,2000-03-14T22:00,59,0,0,0,0,0,913,28,0
1775,2000-03-14T23:00,59,0,0,0,0,0,913,28,0
1776,2000-03-15T00:00,59,0,0,0,0,0,913,28,0
1777,2000-03-15T01:00,61,0,0,0,0,0,911,28,0
1778,2000-03-15T02:00,62,0,0,0,0,0,910,28,0
1779,2000-03-15T03:00,62,0,0,0,0,0,910,28,0
1780,2000-03-15T04:00,62,0,0,0,0,0,910,28,0
1781,2000-03-15T05:00,62,0,0,0,0,0,910,28,0
1782,2000-03-15T06:00,62,0,0,0,0,0,910,28,0
1783,2000-03-15T07:00,62,0,0,0,0,0,910,28,0
1784,2000-03-15T08:00,63,0,0,0,0,0,909,28,0
1785,2000-03-15T09:00,63,0,0,0,0,0,909,28,0
1786,2000-03-15T10:00,63,0,0,0,0,0,909,28,0
1787,2000-03-15T11:00,63,0,0,0,0,0,909,28,0
1788,2000-03-15T12:00,63,0,0,0,0,0,909,28,0
1789,2000-03-15T13:00,63,0,0,0,0,0,909,28,0
1790,2000-03-15T14:00,63,0,0,0,0,0,909,28,0
1791,2000-03-15T15:00,64,0,0,0,0,0,908,28,0
1792,2000-03-15T16:00,64,0,0,0,0,0,908,28,0
1793,2000-03-15T17:00,64,0,0,0,0,0,908,28,0
1794,2000-03-15T18:00,64,0,0,0,0,0,908,28,0
1795,2000-03-15T19:00,64,0,0,0,0,0,908,28,0
1796,2000-03-15T20:00,64,0,0,0,0,0,908,28,0
1797,2000-03-15T21:00,64,0,0,0,0,0,908,28,0
1798,2000-03-15T22:00,64,0,0,0,0,0,908,28,0
1799,2000-03-15T23:00,64,0,0,0,0,0,908,28,0
1800,2000-03-16T00:00,64,0,0,0,0,0,908,28,0
1801,2000-03-16T01:00,64,0,0,0,0,0,908,28,0
1802,2000-03-16T02:00,64,0,0,0,0,0,908,28,0
1803,2000-03-16T03:00,64,0,0,0,0,0,908,28,0
1804,2000-03-16T04:00,64,0,0,0,0,0,908,28,0
1805,2000-03-16T05:00,64,0,0,0,0,0,908,28,0
1806,2000-03-16T06:00,64,0,0,0,0,0,908,28,0
1807,2000-03-16T07:00,64,0,0,0,0,0,908,28,0
1808,2000-03-16T08:00,64,0,0,0,0,0,908,28,0
1809,2000-03-16T09:00,64,0,0,0,0,0,908,28,0
1810,2000-03-16T10:00,64,0,0,0,0,0,908,28,0
1811,2000-03-16T11:00,64,0,0,0,0,0,908,28,0
1812,2000-03-16T12:00,64,0,0,0,0,0,908,28,0
1813,2000-03-16T13:00,64,0,0,0,0,0,908,28,0
1814,2000-03-16T14:00,64,0,0,0,0,0,908,28,0
1815,2000-03-16T15:00,65,0,0,0,0,0,907,28,0
1816,2000-03-16T16:00,65,0,0,0,0,0,907,28,0
1817,2000-03-16T17:00,66,0,0,0,0,0,906,28,0
1818,2000-03-16T18:00,67,0,0,0,0,0,905,28,0
1819,2000-03-16T19:00,67,0,0,0,0,0,905,28,0
1820,2000-03-16T20:00,67,0,0,0,0,0,905,28,0
1821,2000-03-16T21:00,67,0,0,0,0,0,905,28,0
1822,2000-03-16T22:00,67,0,0,0,0,0,905,28,0
1823,2000-03-16T23:00,68,0,0,0,0,0,904,28,0
1824,2000-03-17T00:00,68,0,0,0,0,0,904,28,0
1825,2000-03-17T01:00,68,0,0,0,0,0,904,28,0
1826,2000-03-17T02:00,70,0,0,0,0,0,902,28,0
1827,2000-03-17T03:00,70,0,0,0,0,0,902,28,0
1828,2000-03-17T04:00,70,0,0,0,0,0,902,28,0
1829,2000-03-17T05:00,70,0,0,0,0,0,902,28,0
1830,2000-03-17T06:00,70,0,0,0,0,0,902,28,0
1831,2000-03-17T07:00,70,0,0,0,0,0,902,28,0
1832,2000-03-17T08:00,70,0,0,0,0,0,902,28,0
1833,2000-03-17T09:00,71,0,0,0,0,0,901,28,0
1834,2000-03-17T10:00,71,0,0,0,0,0,901,28,0
1835,2000-03-17T11:00,72,0,0,0,0,0,900,28,0
1836,2000-03-17T12:00,73,0,0,0,0,0,899,28,0
1837,2000-03-17T13:00,74,0,0,0,0,0,898,28,0
1838,2000-03-17T14:00,75,0,0,0,0,0,897,28,0
1839,2000-03-17T15:00,75,0,0,0,0,0,897,28,0
1840,2000-03-17T16:00,75,0,0,0,0,0,897,28,0
1841,2000-03-17T17:00,76,0,0,0,0,0,896,28,0
1842,2000-03-17T18:00,77,0,0,0,0,0,895,28,0
1843,2000-03-17T19:00,77,0,0,0,0,0,895,28,0
1844,2000-03-17T20:00,77,0,0,0,0,0,895,28,0
1845,2000-03-17T21:00,77,0,0,0,0,0,895,28,0
1846,2000-03-17T22:00,77,0,0,0,0,0,895,28,0
1847,2000-03-17T23:00,77,0,0,0,0,0,895,28,0
1848,2000-03-18T00:00,77,0,0,0,0,0,895,28,0
1849,2000-03-18T01:00,77,0,0,0,0,0,895,28,0
1850,2000-03-18T02:00,77,0,0,0,0,0,895,28,0
1851,2000-03-18T03:00,77,0,0,0,0,0,895,28,0
1852,2000-03-18T04:00,77,0,0,0,0,0,895,28,0
1853,2000-03-18T05:00,77,0,0,0,0,0,895,28,0
1854,2000-03-18T06:00,77,0,0,0,0,0,895,28,0
1855,2000-03-18T07:00,77,0,0,0,0,0,895,28,0
1856,2000-03-18T08:00,78,0,0,0,0,0,894,28,0
1857,2000-03-18T09:00,78,0,0,0,0,0,894,28,0
1858,2000-03-18T10:00,79,0,0,0,0,0,893,28,0
1859,2000-03-18T11:00,79,0,0,0,0,0,893,28,0
1860,2000-03-18T12:00,80,0,0,0,0,0,892,28,0
1861,2000-03-18T13:00,80,0,0,0,0,0,892,28,0
1862,2000-03-18T14:00,80,0,0,0,0,0,892,28,0
1863,2000-03-18T15:00,80,0,0,0,0,0,892,28,0
1864,2000-03-18T16:00,80,0,0,0,0,0,892,28,0
1865,2000-03-18T17:00,80,0,0,0,0,0,892,28,0
1866,2000-03-18T18:00,80,0,0,0,0,0,892,28,0
1867,2000-03-18T19:00,80,0,0,0,0,0,892,28,0
1868,2000-03-18T20:00,81,0,0,0,0,0,891,28,0
1869,2000-03-18T21:00,81,0,0,0,0,0,891,28,0
1870,2000-03-18T22:00,81,0,0,0,0,0,891,28,0
1871,2000-03-18T23:00,82,0,0,0,0,0,890,28,0
1872,2000-03-19T00:00,82,0,0,0,0,0,890,28,0
1873,2000-03-19T01:00,83,0,0,0,0,0,889,28,0
1874,2000-03-19T02:00,83,0,0,0,0,0,889,28,0
1875,2000-03-19T03:00,83,0,0,0,0,0,889,28,0
1876,2000-03-19T04:00,83,0,0,0,0,0,889,28,0
1877,2000-03-19T05:00,83,0,0,0,0,0,889,28,0
1878,2000-03-19T06:00,83,0,0,0,0,0,889,28,0
1879,2000-03-19T07:00,83,0,0,0,0,0,889,28,0
1880,2000-03-19T08:00,83,0,0,0,0,0,889,28,0
1881,2000-03-19T09:00,83,0,0,0,0,0,889,28,0
1882,2000-03-19T10:00,83,0,0,0,0,0,889,28,0
1883,2000-03-19T11:00,84,0,0,0,0,0,888,28,0
1884,2000-03-19T12:00,84,0,0,0,0,0,888,28,0
1885,2000-03-19T13:00,84,0,0,0,0,0,888,28,0
1886,2000-03-19T14:00,85,0,0,0,0,0,887,28,0
1887,2000-03-19T15:00,85,0,0,0,0,0,887,28,0
1888,2000-03-19T16:00,85,0,0,0,0,0,887,28,0
1889,2000-03-19T17:00,85,0,0,0,0,0,887,28,0
1890,2000-03-19T18:00,86,0,0,0,0,0,886,28,0
1891,2000-03-19T19:00,87,0,0,0,0,0,885,28,0
1892,2000-03-19T20:00,88,0,0,0,0,0,884,28,0
1893,2000-03-19T21:00,89,0,0,0,0,0,883,28,0
1894,2000-03-19T22:00,90,0,0,0,0,0,882,28,0
1895,2000-03-19T23:00,90,0,0,0,0,0,882,28,0
1896,2000-03-20T00:00,91,0,0,0,0,0,881,28,0
1897,2000-03-20T01:00,91,0,0,0,0,0,881,28,0
1898,2000-03-20T02:00,91,0,0,0,0,0,881,28,0
1899,2000-03-20T03:00,92,0,0,0,0,0,880,28,0
1900,2000-03-20T04:00,93,0,0,0,0,0,879,28,0
1901,2000-03-20T05:00,94,0,0,0,0,0,878,28,0
1902,2000-03-20T06:00,94,0,0,0,0,0,878,28,0
1903,2000-03-20T07:00,95,0,0,0,0,0,877,28,0
1904,2000-03-20T08:00,95,0,0,0,0,0,877,28,0
1905,2000-03-20T09:00,95,0,0,0,0,0,877,28,0
1906,2000-03-20T10:00,95,0,0,0,0,0,877,28,0
1907,2000-03-20T11:00,95,0,0,0,0,0,877,28,0
1908,2000-03-20T12:00,95,0,0,0,0,0,877,28,0
1909,2000-03-20T13:00,95,0,0,0,0,0,877,28,0
1910,2000-03-20T14:00,97,0,0,0,0,0,875,28,0
1911,2000-03-20T15:00,98,0,0,0,0,0,874,28,0
1912,2000-03-20T16:00,98,0,0,0,0,0,874,28,0
1913,2000-03-20T17:00,99,0,0,0,0,0,873,28,0
1914,2000-03-20T18:00,99,0,0,0,0,0,873,28,0
1915,2000-03-20T19:00,99,0,0,0,0,0,873,28,0
1916,2000-03-20T20:00,99,0,0,0,0,0,873,28,0
1917,2000-03-20T21:00,99,0,0,0,0,0,873,28,0
1918,2000-03-20T22:00,99,0,0,0,0,0,873,28,0
1919,2000-03-20T23:00,99,0,0,0,0,0,873,28,0
1920,2000-03-21T00:00,99,0,0,0,0,0,873,28,0
1921,2000-03-21T01:00,99,0,0,0,0,0,873,28,0
1922,2000-03-21T02:00,100,0,0,0,0,0,872,28,0
1923,2000-03-21T03:00,100,0,0,0,0,0,872,28,0
1924,2000-03-21T04:00,101,0,0,0,0,0,871,28,0
1925,2000-03-21T05:00,102,0,0,0,0,0,870,28,0
1926,2000-03-21T06:00,102,0,0,0,0,0,870,28,0
1927,2000-03-21T07:00,102,0,0,0,0,0,870,28,0
1928,2000-03-21T08:00,102,0,0,0,0,0,870,28,0
1929,2000-03-21T09:00,102,0,0,0,0,0,870,28,0
1930,2000-03-21T10:00,102,0,0,0,0,0,870,28,0
1931,2000-03-21T11:00,102,0,0,0,0,0,870,28,0
1932,2000-03-21T12:00,102,0,0,0,0,0,870,28,0
1933,2000-03-21T13:00,102,0,0,0,0,0,870,28,0
1934,2000-03-21T14:00,104,0,0,0,0,0,868,28,0
1935,2000-03-21T15:00,104,0,0,0,0,0,868,28,0
1936,2000-03-21T16:00,106,0,0,0,0,0,866,28,0
1937,2000-03-21T17:00,106,0,0,0,0,0,866,28,0
1938,2000-03-21T18:00,106,0,0,0,0,0,866,28,0
1939,2000-03-21T19:00,107,0,0,0,0,0,865,28,0
1940,2000-03-21T20:00,107,0,0,0,0,0,865,28,0
1941,2000-03-21T21:00,107,0,0,0,0,0,865,28,0
1942,2000-03-21T22:00,107,0,0,0,0,0,865,28,0
1943,2000-03-21T23:00,107,0,0,0,0,0,865,28,0
1944,2000-03-22T00:00,107,0,0,0,0,0,865,28,0
1945,2000-03-22T01:00,107,0,0,0,0,0,865,28,0
1946,2000-03-22T02:00,109,0,0,0,0,0,863,28,0
1947,2000-03-22T03:00,109,0,0,0,0,0,863,28,0
1948,2000-03-22T04:00,109,0,0,0,0,0,863,28,0
1949,2000-03-22T05:00,109,0,0,0,0,0,863,28,0
1950,2000-03-22T06:00,109,0,0,0,0,0,863,28,0
1951,2000-03-22T07:00,109,0,0,0,0,0,863,28,0
1952,2000-03-22T08:00,109,0,0,0,0,0,863,28,0
1953,2000-03-22T09:00,110,0,0,0,0,0,862,28,0
1954,2000-03-22T10:00,110,0,0,0,0,0,862,28,0
1955,2000-03-22T11:00,110,0,0,0,0,0,862,28,0
1956,2000-03-22T12:00,110,0,0,0,0,0,862,28,0
1957,2000-03-22T13:00,110,0,0,0,0,0,862,28,0
1958,2000-03-22T14:00,111,0,0,0,0,0,861,28,0
1959,2000-03-22T15:00,111,0,0,0,0,0,861,28,0
1960,2000-03-22T16:00,111,0,0,0,0,0,861,28,0
1961,2000-03-22T17:00,111,0,0,0,0,0,861,28,0
1962,2000-03-22T18:00,113,0,0,0,0,0,859,28,0
1963,2000-03-22T19:00,113,0,0,0,0,0,859,28,0
1964,2000-03-22T20:00,113,0,0,0,0,0,859,28,0
1965,2000-03-22T21:00,113,0,0,0,0,0,859,28,0
1966,2000-03-22T22:00,113,0,0,0,0,0,859,28,0
1967,2000-03-22T23:00,113,0,0,0,0,0,859,28,0
1968,2000-03-23T00:00,114,0,0,0,0,0,858,28,0
1969,2000-03-23T01:00,114,0,0,0,0,0,858,28,0
1970,2000-03-23T02:00,114,0,0,0,0,0,858,28,0
1971,2000-03-23T03:00,114,0,0,0,0,0,858,28,0
1972,2000-03-23T04:00,114,0,0,0,0,0,858,28,0
1973,2000-03-23T05:00,116,0,0,0,0,0,856,28,0
1974,2000-03-23T06:00,116,0,0,0,0,0,856,28,0
1975,2000-03-23T07:00,117,0,0,0,0,0,855,28,0
1976,2000-03-23T08:00,118,0,0,0,0,0,854,28,0
1977,2000-03-23T09:00,118,0,0,0,0,0,854,28,0
1978,2000-03-23T10:00,119,0,0,0,0,0,853,28,0
1979,2000-03-23T11:00,120,0,0,0,0,0,852,28,0
1980,2000-03-23T12:00,120,0,0,0,0,0,852,28,0
1981,2000-03-23T13:00,121,0,0,0,0,0,851,28,0
1982,2000-03-23T14:00,123,0,0,0,0,0,849,28,0
1983,2000-03-23T15:00,123,0,0,0,0,0,849,28,0
1984,2000-03-23T16:00,123,0,0,0,0,0,849,28,0
1985,2000-03-23T17:00,123,0,0,0,0,0,849,28,0
1986,2000-03-23T18:00,123,0,0,0,0,0,849,28,0
1987,2000-03-23T19:00,123,0,0,0,0,0,849,28,0
1988,2000-03-23T20:00,123,0,0,0,0,0,849,28,0
1989,2000-03-23T21:00,125,0,0,0,0,0,847,28,0
1990,2000-03-23T22:00,127,0,0,0,0,0,845,28,0
1991,2000-03-23T23:00,127,0,0,0,0,0,845,28,0
1992,2000-03-24T00:00,130,0,0,0,0,0,842,28,0
1993,2000-03-24T01:00,132,0,0,0,0,0,840,28,0
1994,2000-03-24T02:00,132,0,0,0,0,0,840,28,0
1995,2000-03-24T03:00,132,0,0,0,0,0,840,28,0
1996,2000-03-24T04:00,133,0,0,0,0,0,839,28,0
1997,2000-03-24T05:00,134,0,0,0,0,0,838,28,0
1998,2000-03-24T06:00,136,0,0,0,0,0,836,28,0
1999,2000-03-24T07:00,136,0,0,0,0,0,836,28,0
2000,2000-03-24T08:00,136,0,0,0,0,0,836,28,0
2001,2000-03-24T09:00,136,0,0,0,0,0,836,28,0
2002,2000-03-24T10:00,137,0,0,0,0,0,835,28,0
2003,2000-03-24T11:00,138,0,0,0,0,0,834,28,0
2004,2000-03-24T12:00,138,0,0,0,0,0,834,28,0
2005,2000-03-24T13:00,138,0,0,0,0,0,834,28,0
2006,2000-03-24T14:00,138,0,0,0,0,0,834,28,0
2007,2000-03-24T15:00,138,0,0,0,0,0,834,28,0
2008,2000-03-24T16:00,139,0,0,0,0,0,833,28,0
2009,2000-03-24T17:00,140,0,0,0,0,0,832,28,0
2010,2000-03-24T18:00,140,0,0,0,0,0,832,28,0
2011,2000-03-24T19:00,141,0,0,0,0,0,831,28,0
2012,2000-03-24T20:00,143,0,0,0,0,0,829,28,0
2013,2000-03-24T21:00,145,0,0,0,0,0,827,28,0
2014,2000-03-24T22:00,145,0,0,0,0,0,827,28,0
2015,2000-03-24T23:00,145,0,0,0,0,0,827,28,0
2016,2000-03-25T00:00,145,0,0,0,0,0,827,28,0
2017,2000-03-25T01:00,147,0,0,0,0,0,825,28,0
2018,2000-03-25T02:00,147,0,0,0,0,0,825,28,0
2019,2000-03-25T03:00,148,0,0,0,0,0,824,28,0
2020,2000-03-25T04:00,149,0,0,0,0,0,823,28,0
2021,2000-03-25T05:00,150,0,0,0,0,0,822,28,0
2022,2000-03-25T06:00,150,0,0,0,0,0,822,28,0
2023,2000-03-25T07:00,150,0,0,0,0,0,822,28,0
2024,2000-03-25T08:00,151,0,0,0,0,0,821,28,0
2025,2000-03-25T09:00,152,0,0,0,0,0,820,28,0
2026,2000-03-25T10:00,154,0,0,0,0,0,818,28,0
2027,2000-03-25T11:00,154,0,0,0,0,0,818,28,0
2028,2000-03-25T12:00,154,0,0,0,0,0,818,28,0
2029,2000-03-25T13:00,154,0,0,0,0,0,818,28,0
2030,2000-03-25T14:00,156,0,0,0,0,0,816,28,0
2031,2000-03-25T15:00,156,0,0,0,0,0,816,28,0
2032,2000-03-25T16:00,156,0,0,0,0,0,816,28,0
2033,2000-03-25T17:00,158,0,0,0,0,0,814,28,0
2034,2000-03-25T18:00,158,0,0,0,0,0,814,28,0
2035,2000-03-25T19:00,158,0,0,0,0,0,814,28,0
2036,2000-03-25T20:00,158,0,0,0,0,0,814,28,0
2037,2000-03-25T21:00,158,0,0,0,0,0,814,28,0
2038,2000-03-25T22:00,158,0,0,0,0,0,814,28,0
2039,2000-03-25T23:00,158,0,0,0,0,0,814,28,0
2040,2000-03-26T00:00,160,0,0,0,0,0,812,28,0
2041,2000-03-26T01:00,161,0,0,0,0,0,811,28,0
2042,2000-03-26T02:00,161,0,0,0,0,0,811,28,0
2043,2000-03-26T03:00,161,0,0,0,0,0,811,28,0
2044,2000-03-26T04:00,161,0,0,0,0,0,811,28,0
2045,2000-03-26T05:00,163,0,0,0,0,0,809,28,0
2046,2000-03-26T06:00,163,0,0,0,0,0,809,28,0
2047,2000-03-26T07:00,163,0,0,0,0,0,809,28,0
2048,2000-03-26T08:00,164,0,0,0,0,0,808,28,0
2049,2000-03-26T09:00,165,0,0,0,0,0,807,28,0
2050,2000-03-26T10:00,166,0,0,0,0,0,806,28,0
2051,2000-03-26T11:00,166,0,0,0,0,0,806,28,0
2052,2000-03-26T12:00,168,0,0,0,0,0,804,28,0
2053,2000-03-26T13:00,170,0,0,0,0,0,802,28,0
2054,2000-03-26T14:00,172,0,0,0,0,0,800,28,0
2055,2000-03-26T15:00,175,0,0,0,0,0,797,28,0
2056,2000-03-26T16:00,175,0,0,0,0,0,797,28,0
2057,2000-03-26T17:00,175,0,0,0,0,0,797,28,0
2058,2000-03-26T18:00,175,0,0,0,0,0,797,28,0
2059,2000-03-26T19:00,175,0,0,0,0,0,797,28,0
2060,2000-03-26T20:00,175,0,0,0,0,0,797,28,0
2061,2000-03-26T21:00,175,0,0,0,0,0,797,28,0
2062,2000-03-26T22:00,175,0,0,0,0,0,797,28,0
2063,2000-03-26T23:00,176,0,0,0,0,0,796,28,0
2064,2000-03-27T00:00,177,0,0,0,0,0,795,28,0
2065,2000-03-27T01:00,178,0,0,0,0,0,794,28,0
2066,2000-03-27T02:00,178,0,0,0,0,0,794,28,0
2067,2000-03-27T03:00,178,0,0,0,0,0,794,28,0
2068,2000-03-27T04:00,178,0,0,0,0,0,794,28,0
2069,2000-03-27T05:00,178,0,0,0,0,0,794,28,0
2070,2000-03-27T06:00,179,0,0,0,0,0,793,28,0
2071,2000-03-27T07:00,179,0,0,0,0,0,793,28,0
2072,2000-03-27T08:00,180,0,0,0,0,0,792,28,0
2073,2000-03-27T09:00,181,0,0,0,0,0,791,28,0
2074,2000-03-27T10:00,182,0,0,0,0,0,790,28,0
2075,2000-03-27T11:00,184,0,0,0,0,0,788,28,0
2076,2000-03-27T12:00,184,0,0,0,0,0,788,28,0
2077,2000-03-27T13:00,186,0,0,0,0,0,786,28,0
2078,2000-03-27T14:00,186,0,0,0,0,0,786,28,0
2079,2000-03-27T15:00,187,0,0,0,0,0,785,28,0
2080,2000-03-27T16:00,188,0,0,0,0,0,784,28,0
2081,2000-03-27T17:00,188,0,0,0,0,0,784,28,0
2082,2000-03-27T18:00,188,0,0,0,0,0,784,28,0
2083,2000-03-27T19:00,189,0,0,0,0,0,783,28,0
2084,2000-03-27T20:00,189,0,0,0,0,0,783,28,0
2085,2000-03-27T21:00,189,0,0,0,0,0,783,28,0
2086,2000-03-27T22:00,191,0,0,0,0,0,781,28,0
2087,2000-03-27T23:00,191,0,0,0,0,0,781,28,0
2088,2000-03-28T00:00,192,0,0,0,0,0,780,28,0
2089,2000-03-28T01:00,192,0,0,0,0,0,780,28,0
2090,2000-03-28T02:00,192,0,0,0,0,0,780,28,0
2091,2000-03-28T03:00,193,0,0,0,0,0,779,28,0
2092,2000-03-28T04:00,193,0,0,0,0,0,779,28,0
2093,2000-03-28T05:00,193,0,0,0,0,0,779,28,0
2094,2000-03-28T06:00,193,0,0,0,0,0,779,28,0
2095,2000-03-28T07:00,194,0,0,0,0,0,778,28,0
2096,2000-03-28T08:00,196,0,0,0,0,0,776,28,0
2097,2000-03-28T09:00,197,0,0,0,0,0,775,28,0
2098,2000-03-28T10:00,199,0,0,0,0,0,773,28,0
2099,2000-03-28T11:00,200,0,0,0,0,0,772,28,0
2100,2000-03-28T12:00,203,0,0,0,0,0,769,28,0
2101,2000-03-28T13:00,206,0,0,0,0,0,766,28,0
2102,2000-03-28T14:00,208,0,0,0,0,0,764,28,0
2103,2000-03-28T15:00,210,0,0,0,0,0,762,28,0
2104,2000-03-28T16:00,211,0,0,0,0,0,761,28,0
2105,2000-03-28T17:00,211,0,0,0,0,0,761,28,0
2106,2000-03-28T18:00,215,0,0,0,0,0,757,28,0
2107,2000-03-28T19:00,215,0,0,0,0,0,757,28,0
2108,2000-03-28T20:00,215,0,0,0,0,0,757,28,0
2109,2000-03-28T21:00,215,0,0,0,0,0,757,28,0
2110,2000-03-28T22:00,215,0,0,0,0,0,757,28,0
2111,2000-03-28T23:00,217,0,0,0,0,0,755,28,0
2112,2000-03-29T00:00,222,0,0,0,0,0,750,28,0
2113,2000-03-29T01:00,222,0,0,0,0,0,750,28,0
2114,2000-03-29T02:00,224,0,0,0,0,0,748,28,0
2115,2000-03-29T03:00,228,0,0,0,0,0,744,28,0
2116,2000-03-29T04:00,229,0,0,0,0,0,743,28,0
2117,2000-03-29T05:00,229,0,0,0,0,0,743,28,0
2118,2000-03-29T06:00,230,0,0,0,0,0,742,28,0
2119,2000-03-29T07:00,230,0,0,0,0,0,742,28,0
2120,2000-03-29T08:00,230,0,0,0,0,0,742,28,0
2121,2000-03-29T09:00,230,0,0,0,0,0,742,28,0
2122,2000-03-29T10:00,236,0,0,0,0,0,736,28,0
2123,2000-03-29T11:00,238,0,0,0,0,0,734,28,0
2124,2000-03-29T12:00,239,0,0,0,0,0,733,28,0
2125,2000-03-29T13:00,243,0,0,0,0,0,729,28,0
2126,2000-03-29T14:00,245,0,0,0,0,0,727,28,0
2127,2000-03-29T15:00,246,0,0,0,0,0,726,28,0
2128,2000-03-29T16:00,246,0,0,0,0,0,726,28,0
2129,2000-03-29T17:00,246,0,0,0,0,0,726,28,0
2130,2000-03-29T18:00,247,0,0,0,0,0,725,28,0
2131,2000-03-29T19:00,249,0,0,0,0,0,723,28,0
2132,2000-03-29T20:00,249,0,0,0,0,0,723,28,0
2133,2000-03-29T21:00,250,0,0,0,0,0,722,28,0
2134,2000-03-29T22:00,253,0,0,0,0,0,719,28,0
2135,2000-03-29T23:00,253,0,0,0,0,0,719,28,0
2136,2000-03-30T00:00,256,0,0,0,0,0,716,28,0
2137,2000-03-30T01:00,256,0,0,0,0,0,716,28,0
2138,2000-03-30T02:00,256,0,0,0,0,0,716,28,0
2139,2000-03-30T03:00,256,0,0,0,0,0,716,28,0
2140,2000-03-30T04:00,258,0,0,0,0,0,714,28,0
2141,2000-03-30T05:00,259,0,0,0,0,0,713,28,0
2142,2000-03-30T06:00,259,0,0,0,0,0,713,28,0
2143,2000-03-30T07:00,259,0,0,0,0,0,713,28,0
2144,2000-03-30T08:00,261,0,0,0,0,0,711,28,0
2145,2000-03-30T09:00,263,0,0,0,0,0,709,28,0
2146,2000-03-30T10:00,270,0,0,0,0,0,702,28,0
2147,2000-03-30T11:00,272,0,0,0,0,0,700,28,0
2148,2000-03-30T12:00,277,0,0,0,0,0,695,28,0
2149,2000-03-30T13:00,280,0,0,0,0,0,692,28,0
2150,2000-03-30T14:00,282,0,0,0,0,0,690,28,0
2151,2000-03-30T15:00,285,0,0,0,0,0,687,28,0
2152,2000-03-30T16:00,285,0,0,0,0,0,687,28,0
2153,2000-03-30T17:00,285,0,0,0,0,0,687,28,0
2154,2000-03-30T18:00,285,0,0,0,0,0,687,28,0
2155,2000-03-30T19:00,288,0,0,0,0,0,684,28,0
2156,2000-03-30T20:00,288,0,0,0,0,0,684,28,0
2157,2000-03-30T21:00,288,0,0,0,0,0,684,28,0
2158,2000-03-30T22:00,290,0,0,0,0,0,682,28,0
2159,2000-03-30T23:00,290,0,0,0,0,0,682,28,0
